first_name,last_name,gender,employment_sector,personality_trait,salary,state
Cornie,Sharram,Male,finance,conscientiousness,255516,Virginia
Merry,Stolte,Male,technology,conscientiousness,242745,Virginia
Normy,Petrozzi,Male,education,extraversion,283361,Colorado
Brit,McMarquis,Male,hospitality,conscientiousness,263186,California
Carl,MacClancey,Male,healthcare,conscientiousness,437109,Arizona
Ned,Selcraig,Male,education,agreeableness,169451,Texas
Ferd,Sherwell,Male,education,agreeableness,374178,Texas
Rem,Scawen,Male,sales/marketing,agreeableness,407220,Florida
Inger,Rivelon,Bigender,finance,agreeableness,193615,Texas
Tine,Jambrozek,Female,technology,conscientiousness,398661,California
Tannie,Faithfull,Male,finance,conscientiousness,256941,Texas
Darice,Wickliffe,Female,hospitality,extraversion,315409,Washington
Karolina,Byrd,Female,hospitality,agreeableness,491006,Illinois
Rudyard,Fergyson,Male,finance,extraversion,335736,Massachusetts
Rheta,Lardez,Polygender,government,conscientiousness,443622,Florida
Sorcha,Myerscough,Female,government,extraversion,431448,Texas
Lucio,Pamphilon,Male,education,conscientiousness,398932,Minnesota
Cece,Nickerson,Male,education,conscientiousness,316583,Washington
Jori,Boosey,Female,hospitality,agreeableness,385386,Ohio
Christin,Lewsam,Female,technology,extraversion,159282,Minnesota
Thadeus,Kerwick,Male,healthcare,extraversion,258210,Pennsylvania
Brody,Pendle,Male,finance,conscientiousness,374770,Iowa
Meredith,Gail,Male,sales/marketing,extraversion,62512,California
Octavius,Offell,Male,finance,extraversion,223622,Texas
Andrej,Annesley,Male,hospitality,agreeableness,86798,Indiana
Frieda,Carlisle,Female,finance,conscientiousness,245833,Michigan
Harlene,Tenniswood,Female,technology,extraversion,272675,Tennessee
Jeannette,McHugh,Polygender,healthcare,conscientiousness,280848,Minnesota
Carlye,Fortey,Agender,education,conscientiousness,452703,Virginia
Kele,Enderle,Male,education,agreeableness,355377,Idaho
Demetris,Seal,Male,technology,conscientiousness,437760,Arizona
Georgi,Anglin,Male,sales/marketing,agreeableness,149103,Georgia
Tammy,Playle,Female,education,conscientiousness,198783,Texas
Rollin,Pinn,Male,technology,conscientiousness,288344,Pennsylvania
Gibby,Eayrs,Male,technology,extraversion,403471,California
Annie,Lamble,Female,sales/marketing,agreeableness,61672,Ohio
Torey,Slowey,Non-binary,education,conscientiousness,300626,Wyoming
Lucius,Topper,Male,technology,extraversion,338213,Michigan
Donalt,Mollett,Male,government,agreeableness,129868,Florida
Zeke,Fitchen,Male,healthcare,conscientiousness,178686,West Virginia
Christopher,Reggiani,Male,finance,conscientiousness,129951,Washington
Fransisco,McFetrich,Male,healthcare,extraversion,243873,Texas
Ban,Light,Genderfluid,technology,agreeableness,376628,District of Columbia
Locke,Buckmaster,Male,finance,conscientiousness,232047,Michigan
Etan,Gillingwater,Male,technology,extraversion,388433,California
Nelia,Forde,Female,hospitality,conscientiousness,61236,California
Alida,de Juares,Female,finance,conscientiousness,394746,California
Karla,Raybould,Female,technology,extraversion,224841,Massachusetts
Ardelia,Beaze,Female,sales/marketing,conscientiousness,350662,Virginia
Brigida,Braban,Female,hospitality,extraversion,64276,New York
Selby,Twitty,Male,technology,extraversion,262638,New York
Angil,Mallard,Female,hospitality,extraversion,348449,New York
Demetris,McWhirter,Female,sales/marketing,agreeableness,198444,Washington
Alasdair,Gavrieli,Male,finance,conscientiousness,223533,Florida
Kalil,Casetti,Male,hospitality,agreeableness,94255,Florida
Ruthie,Dolbey,Female,technology,conscientiousness,117157,Colorado
Val,McAnalley,Female,healthcare,extraversion,451795,Texas
Charmaine,Domm,Female,sales/marketing,conscientiousness,173735,Alaska
Barr,Brinkler,Non-binary,education,agreeableness,454853,California
Cristian,Starking,Male,finance,conscientiousness,300407,Washington
Ly,Zimmermanns,Male,finance,extraversion,329892,California
Pip,Bakhrushin,Male,sales/marketing,extraversion,388777,Ohio
Ursula,Burchess,Female,finance,agreeableness,115566,New Hampshire
Carlen,Gooley,Female,government,agreeableness,342975,Michigan
Loren,Stradling,Female,government,conscientiousness,175748,New York
Arlan,Lancastle,Male,finance,conscientiousness,328275,Mississippi
Anthe,Caret,Genderfluid,education,agreeableness,337103,Arizona
Nikola,Hansom,Male,healthcare,extraversion,300765,Florida
Jarvis,Morsley,Male,sales/marketing,conscientiousness,251635,Florida
Ronald,Powis,Male,finance,conscientiousness,247707,South Carolina
Corey,Forri,Female,government,conscientiousness,446174,Texas
Mariana,Sommerlie,Female,education,agreeableness,421257,New York
Alessandra,Jory,Genderqueer,education,conscientiousness,368447,California
Marys,Brame,Bigender,hospitality,agreeableness,94971,Texas
Bertrando,Morgan,Male,government,extraversion,228694,Virginia
Hanni,Wyse,Female,education,extraversion,366268,Texas
Eb,Rivenzon,Male,finance,extraversion,439165,Georgia
Kania,Stevani,Female,technology,conscientiousness,443976,Colorado
Dacie,Cossar,Female,sales/marketing,agreeableness,125820,Minnesota
Nickie,Pyle,Male,technology,extraversion,256807,Ohio
Laurie,Hancorn,Male,healthcare,extraversion,450864,Pennsylvania
Gene,Di Franceschi,Female,healthcare,agreeableness,196869,Virginia
Taddeusz,Shalloe,Male,government,agreeableness,493126,Tennessee
Bertina,Ubank,Female,education,agreeableness,335152,District of Columbia
Pate,Wysome,Male,sales/marketing,agreeableness,97423,Illinois
Patin,Adran,Male,education,extraversion,76951,Michigan
Steffane,Leyman,Female,hospitality,conscientiousness,451859,Alabama
Jillana,Hrinchenko,Female,sales/marketing,extraversion,133629,North Carolina
Dorine,Shorton,Female,hospitality,conscientiousness,71599,New York
Larissa,Pickrill,Female,hospitality,extraversion,147628,Ohio
Ambur,Twinbrow,Genderfluid,government,extraversion,447555,Alabama
Humfried,Hecks,Male,government,conscientiousness,277421,South Dakota
Eddi,Lightoller,Female,technology,agreeableness,375574,District of Columbia
Panchito,Espinas,Male,sales/marketing,extraversion,272579,Florida
Jock,Emblen,Male,sales/marketing,extraversion,174416,Iowa
Eben,Serrurier,Male,hospitality,extraversion,410413,Oklahoma
Rickey,Pickavance,Male,education,extraversion,53425,District of Columbia
Kori,Beevers,Female,sales/marketing,conscientiousness,206227,Connecticut
Rayner,Cona,Male,sales/marketing,extraversion,473020,Texas
Tiffanie,Chasteau,Female,technology,extraversion,79291,Arizona
Chase,Holdall,Male,sales/marketing,conscientiousness,323235,Tennessee
Lettie,Bagshawe,Female,education,agreeableness,357232,New York
Sansone,Clows,Male,technology,conscientiousness,315330,Ohio
Ade,Sainter,Male,finance,agreeableness,243470,District of Columbia
Raychel,Gori,Female,healthcare,conscientiousness,488558,Texas
Carrissa,Shilling,Female,hospitality,conscientiousness,296687,Indiana
Marcela,Norris,Female,finance,agreeableness,271185,North Carolina
Powell,Hawtry,Non-binary,healthcare,agreeableness,272565,Minnesota
Anabelle,Curley,Female,government,agreeableness,390598,Texas
Grannie,Breheny,Male,hospitality,agreeableness,124211,Pennsylvania
Nicolette,Buckley,Agender,government,conscientiousness,483495,Ohio
Tillie,Latchmore,Female,technology,agreeableness,197691,Florida
Rik,Gutierrez,Male,finance,conscientiousness,379219,Connecticut
Sibilla,Garfath,Female,sales/marketing,agreeableness,68909,Michigan
Heda,Grime,Female,sales/marketing,agreeableness,127993,Georgia
Helen-elizabeth,Cadge,Female,finance,extraversion,173256,Florida
Shaughn,Garlinge,Male,finance,extraversion,90420,Florida
Roobbie,Wolfers,Female,healthcare,conscientiousness,287757,Tennessee
Ainsley,Message,Female,hospitality,conscientiousness,178014,Missouri
Bailey,Rummins,Male,sales/marketing,extraversion,181596,Indiana
Kory,McElvogue,Male,education,extraversion,385457,Ohio
Stephen,Day,Male,government,agreeableness,230108,Colorado
Dene,Byre,Male,technology,extraversion,225404,California
Jorry,Gromley,Female,education,conscientiousness,115994,Florida
Raeann,Childes,Female,education,conscientiousness,310736,Tennessee
Udell,Jedrzejczak,Male,finance,conscientiousness,440995,Tennessee
Etheline,Pawling,Female,hospitality,conscientiousness,215346,District of Columbia
Tiffani,Saing,Female,finance,conscientiousness,446194,Colorado
Gaven,Pembry,Male,finance,agreeableness,377642,Utah
Thomasine,Tyer,Genderqueer,government,extraversion,264949,Kansas
Drugi,Lemanu,Male,education,extraversion,129225,New Mexico
Christoper,Odcroft,Male,education,agreeableness,358532,Florida
Abeu,Ashley,Male,technology,conscientiousness,499761,Tennessee
Gregorius,Newby,Male,government,extraversion,191915,Texas
Catlaina,Hackleton,Polygender,hospitality,agreeableness,222752,Illinois
Linea,Gledstane,Female,finance,extraversion,491525,Arizona
Maura,Espadater,Female,technology,conscientiousness,408719,New York
Danit,Comsty,Female,education,agreeableness,156650,Alabama
Rodolphe,Larwood,Male,technology,extraversion,432269,District of Columbia
Dixie,Kender,Female,technology,conscientiousness,246724,Washington
Gage,McLucky,Male,finance,agreeableness,218066,Kentucky
Magdalena,Hutchence,Female,technology,extraversion,461210,Tennessee
Darlleen,O'Leary,Female,technology,conscientiousness,278772,Utah
Burke,Sangwin,Male,finance,extraversion,416526,Florida
Rosemarie,Shermore,Female,education,agreeableness,196386,Arizona
Tiebold,Playfair,Male,healthcare,extraversion,213165,Texas
Sloane,Cordobes,Male,technology,conscientiousness,172336,Pennsylvania
Lamond,Brandino,Male,healthcare,extraversion,203502,Virginia
Matthaeus,Cousens,Genderqueer,finance,extraversion,460174,District of Columbia
Claybourne,Toward,Male,government,conscientiousness,275274,Florida
Guglielmo,Bealton,Male,hospitality,extraversion,155343,District of Columbia
Barbee,Stent,Female,government,extraversion,397746,New York
Maisie,Blaylock,Female,government,extraversion,367917,Connecticut
Nikolos,Baleine,Male,technology,extraversion,332058,California
Vinny,Beggan,Male,education,extraversion,246811,Iowa
Andonis,Fairrie,Male,hospitality,agreeableness,430961,Texas
Kristoforo,McKeating,Male,government,extraversion,250780,Minnesota
Cassie,Klimowicz,Female,education,conscientiousness,250931,Oregon
Chevy,Wyche,Genderfluid,finance,extraversion,57841,California
Sutherland,Buckmaster,Male,sales/marketing,conscientiousness,83688,Arizona
Bartlet,Dri,Male,hospitality,agreeableness,256233,Oklahoma
August,Harg,Male,education,conscientiousness,65143,Texas
Helaina,Beer,Female,technology,agreeableness,494115,Kansas
Cyrill,Duckett,Male,education,conscientiousness,275925,Nebraska
Tomas,Fulun,Polygender,government,agreeableness,255785,Florida
Nessa,Jenney,Genderfluid,finance,conscientiousness,88353,Virginia
Eldredge,Mallard,Male,healthcare,conscientiousness,331342,District of Columbia
Lexy,Toffolo,Female,healthcare,agreeableness,213336,Texas
Prentiss,Gorsse,Male,hospitality,conscientiousness,470960,District of Columbia
Noby,Coney,Male,healthcare,agreeableness,225774,Indiana
Donna,Macbane,Female,education,conscientiousness,184089,New Jersey
Dennison,Leas,Male,government,conscientiousness,297804,Louisiana
Kenyon,Ratter,Male,hospitality,conscientiousness,239445,Idaho
Addison,Cattellion,Male,hospitality,agreeableness,484714,Illinois
Nefen,Callis,Male,government,agreeableness,297603,North Carolina
Jackquelin,Hitzschke,Female,finance,agreeableness,62932,Texas
Arthur,Andreotti,Male,government,conscientiousness,302873,Utah
Elissa,Scoterbosh,Female,education,extraversion,50125,Idaho
Babara,Dunderdale,Genderqueer,technology,agreeableness,113862,District of Columbia
Nestor,Sommerville,Male,sales/marketing,conscientiousness,317217,Ohio
Balduin,Kitchin,Male,finance,extraversion,445220,Pennsylvania
Emma,Maddrah,Female,education,conscientiousness,325813,California
Sabina,Lamdin,Female,hospitality,extraversion,330416,Tennessee
Clint,McKibbin,Male,technology,extraversion,472162,Indiana
Olympe,Goolding,Female,government,conscientiousness,198697,Texas
Emmerich,Chamberlaine,Male,government,extraversion,460215,Georgia
Sinclare,Swiffan,Male,technology,extraversion,417418,Connecticut
Keir,Charnley,Male,healthcare,conscientiousness,250284,Florida
Farand,Gookey,Female,finance,agreeableness,253809,Florida
Margie,Hatter,Female,government,conscientiousness,93342,Missouri
Sela,Brownsey,Female,technology,extraversion,436131,Minnesota
Elden,Yallowley,Male,education,agreeableness,66470,District of Columbia
Vivian,Jarmyn,Female,hospitality,agreeableness,344047,Pennsylvania
Penny,Lathwood,Male,education,conscientiousness,254697,Illinois
Caty,Vaen,Female,government,conscientiousness,254425,Virginia
Inness,Finden,Male,technology,conscientiousness,268693,New York
Arlen,Carillo,Female,government,conscientiousness,403419,Indiana
Kane,Nusche,Male,hospitality,extraversion,282521,Ohio
Lynda,Dunklee,Female,hospitality,extraversion,354470,Texas
Seth,Pierucci,Male,hospitality,extraversion,151846,Pennsylvania
Ferris,Walsom,Male,government,conscientiousness,112879,Florida
Terrell,Gregon,Male,finance,extraversion,468346,Kansas
Myrah,Rowney,Female,hospitality,conscientiousness,115405,Maryland
Trista,Tooze,Female,healthcare,conscientiousness,139449,Nebraska
Billie,Mallaby,Male,healthcare,agreeableness,351174,Connecticut
Valida,Belvin,Female,finance,agreeableness,60737,Texas
Tedie,Knoles,Male,government,extraversion,130152,California
Robinetta,Noblett,Female,sales/marketing,conscientiousness,393666,Florida
Basil,Mawditt,Male,education,extraversion,134078,District of Columbia
Corbet,Gooble,Genderqueer,education,extraversion,391336,Colorado
Keelby,Iskov,Polygender,technology,agreeableness,473417,Texas
Mavis,O'Henery,Polygender,education,extraversion,478363,California
Lenee,Krolik,Female,technology,extraversion,141004,New York
Claudine,Gosnall,Female,education,extraversion,196740,California
Griffie,Wilcot,Male,finance,conscientiousness,301335,North Carolina
Ivy,MacCaffrey,Genderqueer,government,agreeableness,280152,Nevada
Gleda,Bainton,Female,healthcare,extraversion,472540,Pennsylvania
Jourdan,Durward,Female,technology,extraversion,439553,California
Teddy,Goede,Female,hospitality,extraversion,213401,Virginia
Wilbur,Geerling,Male,government,extraversion,55537,South Carolina
Morry,Threlkeld,Male,technology,agreeableness,358265,Minnesota
Cord,Maryin,Agender,healthcare,conscientiousness,63830,Arizona
Elisabeth,Slixby,Female,government,conscientiousness,316360,Washington
Trent,Nolton,Male,sales/marketing,conscientiousness,435763,Texas
Jay,Foxcroft,Male,government,agreeableness,241155,Texas
Paulita,Glastonbury,Genderqueer,hospitality,agreeableness,132926,Alabama
Gilly,Malling,Female,hospitality,agreeableness,257868,Florida
Kellina,Squibbes,Female,finance,extraversion,485070,Tennessee
Devlen,Noe,Male,government,extraversion,175182,Georgia
Hope,O'Noland,Female,hospitality,conscientiousness,225456,Pennsylvania
Rana,Ritchings,Female,government,agreeableness,228533,California
Queenie,Hargrave,Female,government,extraversion,192748,Pennsylvania
Gawen,Deniseau,Male,healthcare,agreeableness,191043,Kentucky
Lester,Fernez,Genderfluid,hospitality,extraversion,95802,Florida
Gelya,McCullogh,Female,technology,conscientiousness,119638,Louisiana
Cassius,Kubyszek,Male,education,extraversion,455854,Michigan
Danika,Demcak,Female,government,agreeableness,453552,Indiana
Hurleigh,Bedboro,Male,technology,agreeableness,403230,Oklahoma
Tarah,Peet,Female,government,agreeableness,66461,Wisconsin
Eustacia,Manvelle,Female,hospitality,extraversion,473554,California
Xymenes,Althorp,Male,technology,agreeableness,370922,Montana
Starlene,Bresner,Female,hospitality,conscientiousness,186773,California
Tomasine,Pellamont,Female,government,agreeableness,273666,New York
Adda,Bugden,Female,healthcare,agreeableness,346408,Indiana
Brana,Margrem,Female,sales/marketing,conscientiousness,73404,Colorado
Bernadene,Scrinage,Female,hospitality,conscientiousness,245801,New York
Merl,Mibourne,Female,sales/marketing,conscientiousness,423869,Texas
Albrecht,Darben,Male,education,conscientiousness,391285,Minnesota
Jase,Cheine,Genderqueer,government,extraversion,81547,Oklahoma
Eduardo,Dowers,Male,finance,conscientiousness,499443,Texas
Olav,Jeanin,Male,sales/marketing,agreeableness,463477,California
Francklyn,Flecknell,Male,sales/marketing,agreeableness,102259,North Carolina
Hedi,Brunone,Female,sales/marketing,extraversion,69088,Texas
Ediva,Willoughby,Female,technology,conscientiousness,494677,Ohio
Cherie,Colerick,Female,sales/marketing,agreeableness,314781,Virginia
Eleanore,Binks,Female,government,conscientiousness,239579,Florida
Lise,Elie,Polygender,sales/marketing,agreeableness,80795,Florida
Evangelia,Albery,Female,education,conscientiousness,154290,New Jersey
Rosabel,Dunsmore,Female,sales/marketing,extraversion,210815,California
Del,Lackney,Agender,hospitality,agreeableness,149057,Florida
Roseline,Taffley,Female,hospitality,extraversion,200061,Kansas
Ingeberg,Drayson,Female,hospitality,agreeableness,319136,Washington
Mimi,Syers,Female,government,extraversion,74667,California
Meier,Collaton,Male,government,extraversion,437767,Oklahoma
Ellen,Moro,Female,finance,agreeableness,345540,Texas
Kyle,Nuth,Male,technology,conscientiousness,379599,Texas
Hedvige,Galbraeth,Female,hospitality,extraversion,81963,Illinois
Concordia,Storres,Female,hospitality,conscientiousness,483857,Maryland
Karlyn,Keays,Female,finance,extraversion,295010,Ohio
Maddy,Ibbett,Female,sales/marketing,conscientiousness,375475,New York
Gus,Harmson,Female,healthcare,extraversion,218284,South Carolina
Scarface,Gildroy,Male,technology,agreeableness,298641,Texas
Franni,Gleeton,Non-binary,healthcare,conscientiousness,313942,Illinois
Ginnie,Capehorn,Female,finance,agreeableness,247976,Texas
Burt,Poolton,Male,education,extraversion,345431,South Dakota
Jereme,Shaw,Male,sales/marketing,conscientiousness,69678,Kansas
Sheryl,Butten,Female,technology,extraversion,115323,Ohio
Godard,Sinderland,Male,finance,conscientiousness,277195,New York
Yvette,Hake,Non-binary,hospitality,agreeableness,418524,New York
Halley,Boots,Female,technology,agreeableness,462492,Arkansas
Lawrence,Pymar,Male,healthcare,agreeableness,273683,Kansas
Joell,Wilkisson,Female,education,conscientiousness,464427,New York
Demetris,Dimmack,Male,education,conscientiousness,311696,California
Abram,Zucker,Male,technology,agreeableness,248284,California
Ignazio,Murty,Male,hospitality,agreeableness,452238,District of Columbia
Ancell,Stollberg,Male,sales/marketing,extraversion,241239,Florida
Neddie,Tennant,Male,government,conscientiousness,238185,Florida
Brandea,Friberg,Female,technology,extraversion,417350,California
Tobiah,Beedon,Male,healthcare,conscientiousness,433998,Tennessee
Meaghan,Wyeth,Female,education,agreeableness,344323,Florida
Marilin,Metzel,Female,government,conscientiousness,182853,Texas
Sherwood,Dermot,Male,hospitality,conscientiousness,136189,West Virginia
Smith,Goulding,Male,education,extraversion,251403,Texas
Murdoch,Fermor,Male,government,conscientiousness,209682,Colorado
Minne,Pagon,Female,healthcare,extraversion,59434,Florida
Jephthah,Sharphurst,Male,finance,agreeableness,100636,Kansas
Mordecai,Orehead,Male,hospitality,extraversion,180484,Texas
Shalom,Anfusso,Male,healthcare,conscientiousness,162267,Kentucky
Judas,Grinov,Male,technology,extraversion,373111,Missouri
Candis,Mazzilli,Female,healthcare,agreeableness,308783,Florida
Reider,Sidsaff,Male,finance,agreeableness,147756,West Virginia
Britney,Lyall,Female,sales/marketing,conscientiousness,382747,North Carolina
Janis,De la Yglesias,Female,healthcare,agreeableness,461557,Connecticut
Alejandra,Stern,Non-binary,finance,conscientiousness,471737,California
Enoch,McGlone,Male,education,extraversion,227663,California
Lin,Dufour,Agender,finance,agreeableness,385152,Ohio
Tedmund,Swadling,Genderfluid,government,agreeableness,173684,Georgia
Trip,Yurtsev,Male,sales/marketing,agreeableness,327091,New York
Aaren,Daugherty,Female,hospitality,extraversion,266970,Florida
Trude,Greep,Female,sales/marketing,conscientiousness,171456,California
Maddie,Franey,Male,finance,conscientiousness,466030,New York
Lorelei,Fluin,Female,education,conscientiousness,419154,Pennsylvania
Saxon,Errington,Male,sales/marketing,agreeableness,496995,Pennsylvania
Giulietta,Grandison,Female,education,agreeableness,81142,Florida
Lorry,Andersen,Male,healthcare,conscientiousness,386998,Alabama
Clea,Goldine,Female,education,agreeableness,452800,Illinois
Hartwell,Sworn,Non-binary,finance,conscientiousness,477298,Missouri
Oswell,Dovidaitis,Male,sales/marketing,conscientiousness,349291,Texas
Carmella,Grindall,Female,finance,agreeableness,457849,Minnesota
Drusie,Vigrass,Bigender,technology,conscientiousness,492410,Hawaii
Fleurette,Nand,Genderfluid,education,extraversion,238785,Washington
Anabella,Jobbing,Female,government,agreeableness,261133,Pennsylvania
Miriam,Cattellion,Female,technology,agreeableness,171654,Alabama
Bearnard,Lober,Male,government,agreeableness,220728,Alaska
Pancho,Ricson,Male,technology,extraversion,136309,Colorado
Janis,O' Concannon,Female,hospitality,extraversion,324291,Pennsylvania
Tandie,Yeardsley,Female,technology,conscientiousness,487267,Texas
Elvina,Hallward,Female,technology,agreeableness,195142,Wisconsin
Rainer,Entwisle,Male,hospitality,agreeableness,69672,Tennessee
Cele,Strelitz,Female,healthcare,agreeableness,407113,Texas
Nataline,Jorgesen,Female,government,agreeableness,246594,New Jersey
Teresita,Hattigan,Female,hospitality,agreeableness,91925,Virginia
Jacki,Pridden,Female,hospitality,conscientiousness,197822,North Carolina
Cherin,Loges,Female,sales/marketing,agreeableness,447814,Arkansas
Lonnie,Hapgood,Agender,sales/marketing,agreeableness,180149,Texas
Alonzo,Reston,Male,healthcare,conscientiousness,101474,California
Eddie,Warman,Female,finance,conscientiousness,267002,Arizona
Haywood,Bolver,Male,sales/marketing,extraversion,414806,Ohio
Helen-elizabeth,Slipper,Polygender,finance,agreeableness,370645,Oklahoma
Brynna,Mapledorum,Bigender,sales/marketing,extraversion,58812,New York
Jasmin,Jeandin,Female,healthcare,extraversion,471241,North Carolina
Read,Hatliffe,Male,government,conscientiousness,293412,Michigan
Xylia,Gonnely,Female,education,agreeableness,385644,Tennessee
Averyl,Tourner,Female,hospitality,agreeableness,156273,California
Livvyy,Boag,Female,healthcare,extraversion,319856,Texas
Seumas,Brewers,Male,finance,conscientiousness,252083,Kentucky
Chad,Barrington,Male,technology,conscientiousness,191363,Florida
Greg,Mersey,Male,healthcare,conscientiousness,229854,Texas
Jerome,Emmison,Male,finance,conscientiousness,459521,Kentucky
Shela,Cuckson,Bigender,technology,conscientiousness,134897,Arizona
Edmon,Heibel,Male,hospitality,extraversion,463918,Massachusetts
Saraann,Stainton - Skinn,Female,healthcare,agreeableness,225564,Texas
Maure,Blackhurst,Female,sales/marketing,conscientiousness,416591,Maryland
Gareth,Cutridge,Male,government,extraversion,498698,Kansas
Tirrell,McCurley,Male,government,extraversion,169623,Kentucky
Willie,Fedoronko,Male,sales/marketing,agreeableness,409240,Texas
Glynn,Arpe,Male,sales/marketing,conscientiousness,479482,California
Irina,Welburn,Female,finance,extraversion,248046,California
Salaidh,Winspare,Female,technology,conscientiousness,109849,Georgia
Miriam,Mereweather,Female,healthcare,agreeableness,159601,West Virginia
Katey,Gillice,Female,government,agreeableness,79277,Florida
Bette,Jacquemot,Female,sales/marketing,conscientiousness,368664,Illinois
Inglebert,Ashfield,Male,education,extraversion,206901,Florida
Alexina,Elliston,Female,finance,agreeableness,487228,New York
Griswold,Foxen,Male,technology,agreeableness,369565,Connecticut
Tynan,Gudge,Male,healthcare,conscientiousness,163041,Florida
Maryann,Maffulli,Female,sales/marketing,extraversion,424545,New York
Ham,Kira,Male,government,extraversion,479429,Virginia
Wyn,Glancy,Male,technology,extraversion,454017,California
Agnesse,Genge,Female,sales/marketing,extraversion,268870,California
Steve,Gwinn,Male,hospitality,extraversion,120488,Alabama
Carole,Ianizzi,Female,healthcare,conscientiousness,320327,Arizona
Frank,Lacrouts,Female,government,extraversion,386686,Illinois
Mace,Cherry Holme,Male,finance,conscientiousness,258040,Texas
Thadeus,Rysom,Male,government,extraversion,236851,Georgia
Brnaba,Yong,Male,hospitality,conscientiousness,437268,Nevada
Fredek,Lye,Genderfluid,education,extraversion,169220,Texas
Cory,Ishchenko,Genderqueer,hospitality,extraversion,228413,California
Clifford,Edmands,Male,finance,agreeableness,422203,Louisiana
Murdoch,Tamblingson,Male,finance,extraversion,328345,Florida
Darda,Dacca,Female,healthcare,agreeableness,445168,Virginia
Torr,Gration,Genderfluid,technology,agreeableness,348654,Iowa
Stefania,Kuhndel,Non-binary,education,agreeableness,201193,California
Jewell,Pingstone,Female,hospitality,conscientiousness,88926,North Carolina
Elga,Springate,Female,healthcare,extraversion,50960,New Jersey
Allie,Wason,Male,healthcare,conscientiousness,363567,Indiana
Kalindi,Deam,Female,government,agreeableness,129077,Virginia
Deeann,Brickdale,Female,technology,extraversion,455107,Wisconsin
Casper,Bosman,Male,healthcare,extraversion,121748,South Carolina
Nata,Endersby,Female,government,conscientiousness,264386,Tennessee
Filippa,Fadell,Female,sales/marketing,agreeableness,419161,Nebraska
Venus,Shildrick,Female,finance,conscientiousness,84023,New York
Barbie,Burchnall,Female,hospitality,conscientiousness,352274,New York
Louie,Gally,Male,sales/marketing,extraversion,150450,Maryland
Marjory,Chavrin,Female,finance,extraversion,459066,Nevada
Olly,Tippler,Male,education,agreeableness,242033,Florida
Lamar,Warn,Male,hospitality,conscientiousness,263622,Washington
Lottie,Scrogges,Female,finance,agreeableness,241961,Oregon
Penny,Charge,Male,education,agreeableness,284655,Texas
Barry,Goundry,Female,technology,extraversion,190110,California
Alic,Penrose,Male,hospitality,extraversion,173377,Texas
Noellyn,Crone,Female,hospitality,conscientiousness,397424,Michigan
Wilhelmine,Schwandt,Agender,government,conscientiousness,188092,Missouri
Norri,Folder,Female,hospitality,extraversion,450987,Texas
Christan,Cavil,Female,hospitality,conscientiousness,289903,Missouri
Clarabelle,Oleszkiewicz,Female,sales/marketing,agreeableness,494054,Nevada
Dalila,Chalice,Female,sales/marketing,conscientiousness,112776,Illinois
Tobi,Costy,Female,healthcare,conscientiousness,472893,Montana
Correna,Petrasek,Female,government,agreeableness,198806,Texas
Latia,Diemer,Female,finance,conscientiousness,276537,Oregon
Jarrid,Huccaby,Male,finance,conscientiousness,474851,New Mexico
Arline,Dalgleish,Genderqueer,technology,agreeableness,300405,Texas
Dotty,McGrill,Female,education,agreeableness,84917,Virginia
Brewer,Girsch,Male,healthcare,conscientiousness,430662,California
Cari,Lowden,Female,finance,agreeableness,128650,California
Dora,Cometti,Agender,sales/marketing,conscientiousness,330008,Maryland
Waneta,McCambrois,Female,technology,extraversion,67181,Indiana
Leonore,Scorey,Female,hospitality,extraversion,451451,Michigan
Shelton,Scholling,Male,hospitality,conscientiousness,265263,Iowa
Henri,Georg,Non-binary,hospitality,conscientiousness,464524,New York
Frederico,Ringwood,Male,technology,extraversion,119210,Pennsylvania
Bibi,Capoun,Female,technology,agreeableness,121283,Texas
Emeline,Saunter,Polygender,finance,conscientiousness,493015,California
Neda,Meddemmen,Female,finance,agreeableness,175814,Kansas
Armando,Jent,Bigender,healthcare,extraversion,440320,Missouri
Merrel,Tschursch,Male,sales/marketing,conscientiousness,62421,Louisiana
Holden,De Santos,Male,technology,extraversion,439417,Oklahoma
Creigh,Carlone,Agender,finance,conscientiousness,350450,California
Giacobo,La Torre,Male,finance,conscientiousness,339202,North Carolina
Nils,Bladon,Male,healthcare,conscientiousness,336361,Michigan
Norby,Findlater,Male,technology,extraversion,426934,Illinois
Niall,Fouldes,Male,finance,extraversion,385534,Kentucky
Phaedra,Gidman,Female,healthcare,conscientiousness,281860,Colorado
Donny,Costelow,Female,education,agreeableness,403923,Connecticut
Mannie,Funnell,Male,healthcare,agreeableness,264268,California
Aluin,Yurenin,Male,healthcare,agreeableness,403546,Missouri
Arlyn,Cattell,Female,hospitality,agreeableness,484223,North Carolina
Faina,Fellini,Female,technology,conscientiousness,134586,Iowa
Mab,Monks,Female,hospitality,conscientiousness,345282,Indiana
Michell,Bofield,Female,government,agreeableness,116392,California
Lari,Wing,Female,hospitality,agreeableness,491461,Iowa
Irving,Harefoot,Genderfluid,finance,conscientiousness,79379,North Carolina
Aubrey,Hallowes,Male,technology,conscientiousness,282943,Nevada
Donavon,Houliston,Male,healthcare,conscientiousness,395503,Nevada
Theo,Marcham,Female,technology,agreeableness,298777,Texas
Nobie,Wetwood,Male,hospitality,extraversion,391894,Arizona
Darby,Tomasian,Female,hospitality,conscientiousness,475286,Indiana
Paule,Cayle,Female,government,conscientiousness,306028,New York
Cal,Giacomi,Female,sales/marketing,agreeableness,152709,Iowa
Maddie,Kippie,Female,education,extraversion,385668,Texas
Aksel,Olin,Male,education,conscientiousness,382497,Washington
Becki,Mauchlen,Female,hospitality,extraversion,137179,California
Nan,Garvill,Female,healthcare,extraversion,404791,Delaware
Danielle,Raunds,Female,sales/marketing,conscientiousness,375570,California
Dyana,Wanne,Female,education,conscientiousness,351799,New York
Tobias,Rodman,Bigender,finance,conscientiousness,177910,Louisiana
Keslie,Kob,Polygender,healthcare,conscientiousness,418078,Texas
Maire,Kanter,Genderfluid,education,agreeableness,483178,Indiana
Birgit,Matts,Female,government,agreeableness,68019,Texas
Mariann,Balfour,Female,sales/marketing,extraversion,108192,Alabama
Garth,Dunridge,Male,hospitality,conscientiousness,56949,Alabama
Zonnya,Latek,Female,government,agreeableness,124222,Pennsylvania
Margalit,Bottrill,Female,education,conscientiousness,244947,Hawaii
Pattie,Rotherforth,Male,hospitality,extraversion,91378,Massachusetts
Alf,Pellew,Male,education,conscientiousness,196658,Arizona
Ilise,Jacqueminet,Female,sales/marketing,extraversion,484350,Utah
Reggie,Cultcheth,Male,technology,extraversion,446490,Massachusetts
Burton,Baudinot,Male,education,extraversion,462857,Pennsylvania
Gordy,Webley,Male,government,extraversion,133985,Florida
Ruy,Dudbridge,Male,education,conscientiousness,68604,Texas
Karlik,Oppery,Male,education,conscientiousness,387337,California
Daisie,Broadnicke,Female,finance,agreeableness,257739,Texas
Koressa,McGeaney,Female,hospitality,conscientiousness,344863,Virginia
Lucien,Cloonan,Male,healthcare,agreeableness,233249,Indiana
Kym,Dewar,Female,finance,conscientiousness,387688,Ohio
Ryun,Haton,Male,sales/marketing,conscientiousness,416171,Oklahoma
Coral,Jindrich,Female,healthcare,conscientiousness,105136,District of Columbia
Bartolemo,Ilyas,Male,sales/marketing,agreeableness,409934,Ohio
Philis,Buswell,Female,government,conscientiousness,255965,Pennsylvania
Davidson,Yerrall,Male,hospitality,extraversion,380389,Florida
Alfie,Levi,Male,hospitality,extraversion,476427,Tennessee
Yulma,Haker,Male,technology,extraversion,265937,Texas
Jordana,Vallerine,Female,education,extraversion,177191,Florida
Lucho,Gristock,Male,healthcare,agreeableness,235636,Illinois
Lurleen,Aymes,Female,technology,extraversion,378920,Texas
Antoine,Keaton,Male,hospitality,extraversion,470868,Mississippi
Hobart,Baxter,Male,technology,agreeableness,325818,Ohio
Devonne,Andriolli,Female,government,extraversion,123314,California
Culver,Cardenas,Male,hospitality,agreeableness,96911,Colorado
Timmie,Gamon,Male,finance,conscientiousness,499708,Colorado
Konstance,Dunford,Female,hospitality,conscientiousness,217862,Mississippi
Anatola,Vivians,Female,finance,agreeableness,158480,Missouri
Nicolais,Sheal,Male,education,agreeableness,141883,Texas
Kirbie,Tolomio,Female,sales/marketing,extraversion,158283,Florida
Linea,Turn,Female,healthcare,extraversion,282326,Arizona
Myrtice,Cullrford,Female,government,agreeableness,381392,Ohio
Patti,Collimore,Female,government,conscientiousness,281445,Tennessee
Witty,Hellwing,Male,finance,agreeableness,139176,Texas
Arlene,Sedwick,Female,healthcare,agreeableness,91482,District of Columbia
Rowan,Anscombe,Male,sales/marketing,conscientiousness,301797,Arizona
Ulrika,Esposi,Bigender,hospitality,conscientiousness,286039,Texas
Lanny,Bonds,Male,finance,agreeableness,348979,Texas
Margret,Trittam,Female,sales/marketing,extraversion,453533,North Carolina
Thaine,Marzelle,Male,technology,conscientiousness,303659,Texas
Nalani,Scherme,Female,sales/marketing,conscientiousness,406137,Texas
Deonne,Andrejs,Female,hospitality,extraversion,248247,Texas
Benny,Crocket,Male,education,conscientiousness,140311,District of Columbia
Wandie,Corradetti,Female,education,extraversion,64329,Connecticut
Bessie,Rignall,Female,hospitality,agreeableness,214082,Virginia
Rubin,Voules,Male,government,agreeableness,214213,Louisiana
Reidar,Halfhide,Male,sales/marketing,conscientiousness,492495,Virginia
Bartholomew,McKaile,Male,sales/marketing,conscientiousness,193669,California
Flor,Kuhlen,Female,sales/marketing,conscientiousness,109455,Montana
Paulina,Archanbault,Female,sales/marketing,conscientiousness,269496,Texas
Norri,Fidell,Female,government,conscientiousness,210733,District of Columbia
Guenna,Bleythin,Bigender,sales/marketing,agreeableness,286295,Indiana
Putnam,Wolfendale,Non-binary,finance,extraversion,308597,Florida
Tom,Abelwhite,Genderqueer,healthcare,agreeableness,421498,Florida
Elvis,Faers,Male,finance,conscientiousness,281558,Alaska
Sloan,Giacubbo,Male,technology,extraversion,350428,Florida
Cherida,Geindre,Female,sales/marketing,agreeableness,129242,New Jersey
Chandler,Cuffin,Male,hospitality,agreeableness,428417,District of Columbia
Sigvard,Tallboy,Male,education,extraversion,308332,California
Lenna,Bywaters,Female,education,extraversion,319854,Virginia
Sheri,Dightham,Female,sales/marketing,conscientiousness,326290,Michigan
Feodor,Letherbury,Male,healthcare,extraversion,425345,California
Cameron,Dudin,Male,government,conscientiousness,231473,New Jersey
Laurena,Matias,Female,hospitality,agreeableness,99133,Pennsylvania
Baily,Bilbrook,Male,finance,conscientiousness,97406,Georgia
Melesa,Munnings,Female,government,conscientiousness,368102,Texas
Abrahan,Foker,Male,healthcare,conscientiousness,324788,District of Columbia
Dael,Angless,Male,government,extraversion,408188,Virginia
Leta,Tease,Female,government,extraversion,161068,Missouri
Giusto,Morgon,Male,education,extraversion,390168,District of Columbia
Debbie,Timms,Female,healthcare,extraversion,133704,Alabama
Jere,Suscens,Male,finance,conscientiousness,477336,South Dakota
Cordie,Gauchier,Male,technology,conscientiousness,99704,Kentucky
Jerrie,Measor,Female,government,extraversion,383621,Florida
Gery,Blundon,Male,technology,extraversion,395491,Kentucky
Tomlin,Bridgens,Male,sales/marketing,conscientiousness,489926,Georgia
Katti,McSharry,Female,healthcare,conscientiousness,453862,Missouri
Carmelle,Wavell,Female,technology,extraversion,497630,District of Columbia
Franny,Wegman,Male,finance,conscientiousness,470405,Texas
Jeniffer,Calton,Female,hospitality,conscientiousness,245095,Minnesota
Rozele,Malkinson,Female,government,conscientiousness,376099,Oklahoma
Vyky,Keelin,Female,finance,conscientiousness,476624,Ohio
Hube,MacLice,Genderqueer,education,extraversion,438685,California
Ebonee,McDell,Female,finance,conscientiousness,269160,Florida
Mariele,Fireman,Female,sales/marketing,agreeableness,63911,California
Dev,Betteridge,Male,finance,extraversion,106844,California
Nobe,McDuff,Male,technology,conscientiousness,494292,Tennessee
Aleta,Lilleyman,Female,government,agreeableness,289249,Texas
Filia,Stivey,Female,sales/marketing,extraversion,463439,District of Columbia
Montague,Ruddle,Male,education,agreeableness,492005,Oklahoma
Lorette,Eouzan,Female,technology,conscientiousness,68094,Illinois
Faunie,Dunton,Female,sales/marketing,conscientiousness,419184,New Mexico
Zarla,Nourse,Female,sales/marketing,extraversion,146341,New York
Danny,Haysman,Male,finance,conscientiousness,199978,Washington
Vittoria,Craigg,Female,government,agreeableness,204180,New York
Randi,Dagon,Male,hospitality,extraversion,309827,Pennsylvania
Uriah,Southard,Male,healthcare,agreeableness,130423,Utah
Candi,Daens,Female,healthcare,agreeableness,381857,Indiana
Pamelina,Sarginson,Female,sales/marketing,extraversion,374062,Connecticut
Alair,Gocher,Polygender,technology,agreeableness,338816,Massachusetts
Zachariah,Urpeth,Male,education,extraversion,468936,Tennessee
Jacquenette,Casaro,Genderfluid,education,agreeableness,162869,Colorado
Verge,Cushelly,Male,hospitality,extraversion,400157,Washington
Carmella,De Lasci,Agender,government,extraversion,411844,New York
Lawrence,Norheny,Male,finance,agreeableness,359950,California
Justino,Paybody,Male,education,agreeableness,370793,Ohio
Peterus,McAlester,Male,finance,agreeableness,340227,Missouri
Erastus,Reilly,Male,sales/marketing,agreeableness,110735,Texas
Guillaume,Shearwood,Male,government,extraversion,51425,Nevada
Sunny,Southway,Female,sales/marketing,agreeableness,368978,New York
Bertrando,Dowtry,Male,finance,extraversion,278322,Georgia
Claudina,Yeell,Female,government,agreeableness,345359,Florida
Moina,Le Conte,Female,finance,agreeableness,90790,Alabama
Dunstan,Redmille,Male,finance,conscientiousness,395392,New Hampshire
Kyla,Rothon,Female,technology,extraversion,159496,Virginia
Jimmy,Deville,Male,hospitality,agreeableness,193428,District of Columbia
Fidole,Vido,Male,healthcare,conscientiousness,55608,North Carolina
Lauraine,Faye,Female,technology,agreeableness,78307,Washington
Elie,Hanny,Female,government,extraversion,476271,Colorado
Reilly,Ralston,Male,sales/marketing,agreeableness,85141,Texas
Sutherlan,Crick,Male,healthcare,extraversion,124067,Arizona
Jacob,Allwood,Male,technology,agreeableness,463899,Colorado
Nelle,Jizhaki,Female,hospitality,extraversion,240883,Pennsylvania
Lisetta,Mussettini,Female,education,extraversion,367489,California
Nikoletta,Yakovliv,Female,hospitality,conscientiousness,250372,Ohio
Evelin,Penhallurick,Male,finance,agreeableness,208052,Texas
Dannie,Saice,Male,healthcare,extraversion,77786,Florida
Clemence,Thynn,Female,hospitality,agreeableness,314234,Florida
Gabi,Musso,Male,education,agreeableness,456611,Florida
Gianina,Guppy,Female,hospitality,extraversion,312343,Tennessee
Ginny,Chadwen,Female,education,agreeableness,200734,California
Gearard,Doggrell,Male,technology,conscientiousness,373733,Pennsylvania
Ario,Schlag,Male,technology,agreeableness,135826,California
Madelon,Maytom,Female,technology,conscientiousness,449310,Louisiana
Carmon,Lyford,Female,sales/marketing,extraversion,244458,Texas
Candice,Chicken,Non-binary,government,conscientiousness,411346,California
Neala,Edge,Female,technology,conscientiousness,251185,Florida
Tabby,Boddymead,Female,finance,extraversion,256242,Iowa
Aloise,Chstney,Female,sales/marketing,extraversion,437312,Alabama
Julianna,McCardle,Female,finance,agreeableness,182769,District of Columbia
Gerta,Poile,Female,education,extraversion,119495,California
Giselle,Beldam,Female,government,conscientiousness,468358,Virginia
Prentiss,Kuhl,Male,healthcare,agreeableness,469194,California
Tiebout,Besantie,Male,government,extraversion,326818,New York
Delila,Billison,Female,technology,extraversion,191275,Texas
Sholom,Filov,Male,healthcare,conscientiousness,309594,Florida
Ulises,Vern,Male,hospitality,agreeableness,287213,Florida
Demetre,Willavoys,Male,education,conscientiousness,159136,Arizona
Lorry,Grinaugh,Female,government,conscientiousness,198072,Florida
Taber,Grigoire,Non-binary,sales/marketing,conscientiousness,104597,Tennessee
Hersch,Kippling,Male,finance,agreeableness,165161,Florida
Gustav,Parmby,Male,education,agreeableness,474960,New York
Alia,Senyard,Female,hospitality,agreeableness,389648,New York
Arly,Janacek,Female,hospitality,agreeableness,84387,Alabama
Stephan,Quarterman,Male,finance,agreeableness,98340,Texas
Sophronia,Braisby,Female,healthcare,agreeableness,313142,Maryland
Tuckie,Jammes,Male,technology,extraversion,142974,Missouri
Benedict,Ollarenshaw,Male,healthcare,conscientiousness,121460,Georgia
Luce,Bax,Male,finance,conscientiousness,383485,Illinois
Aylmar,Ricks,Male,government,agreeableness,387903,Ohio
Tiffani,McCormack,Female,technology,extraversion,255982,New Jersey
Lynnelle,McEntegart,Female,education,conscientiousness,388560,Indiana
Dunc,Dallin,Male,government,extraversion,375661,California
Catlee,Dongles,Female,technology,conscientiousness,423337,Colorado
Laurie,Gert,Female,education,conscientiousness,266478,Virginia
Stavro,Andrat,Male,finance,extraversion,456528,West Virginia
Inger,Elcoux,Male,finance,extraversion,288162,Wisconsin
Clareta,MacBarron,Female,government,conscientiousness,325676,Delaware
Elyssa,Southby,Female,finance,extraversion,173777,Florida
Antone,Strippel,Male,sales/marketing,conscientiousness,276433,North Carolina
Wendell,Cabel,Male,government,extraversion,405769,New York
Sibby,Darnody,Female,education,extraversion,175463,Maryland
Gabriel,Longhorne,Male,healthcare,agreeableness,423395,Virginia
Glen,Degnen,Female,government,conscientiousness,118625,Kansas
Salvatore,Lornsen,Male,government,extraversion,97498,Florida
Nikaniki,Inkle,Female,sales/marketing,agreeableness,136270,Florida
Cortney,Ridhole,Genderqueer,healthcare,extraversion,443473,Florida
Shara,Lake,Female,technology,agreeableness,411907,Massachusetts
Myles,Tonry,Male,government,extraversion,199071,Texas
Abie,Meek,Male,technology,conscientiousness,133958,Texas
Charyl,Corbett,Female,finance,extraversion,428416,Georgia
Goran,Kinnaird,Male,finance,conscientiousness,455783,North Carolina
Mikel,Manie,Male,technology,agreeableness,240873,Texas
Fonsie,Connealy,Male,government,conscientiousness,105255,District of Columbia
Gabriella,Widdall,Female,technology,extraversion,177006,Indiana
Corrinne,Westmorland,Non-binary,healthcare,extraversion,369349,Michigan
Gilbertina,Dorwood,Female,government,extraversion,184918,District of Columbia
Concettina,Skep,Female,hospitality,conscientiousness,469935,Pennsylvania
Guillema,Hebblewhite,Female,government,agreeableness,113678,Florida
Ashely,Hilling,Female,technology,agreeableness,279821,District of Columbia
Cecil,Laurens,Male,sales/marketing,extraversion,63229,Missouri
Dory,Realph,Male,technology,agreeableness,120737,Kansas
Jory,Gaddas,Male,hospitality,extraversion,69411,Illinois
Jesse,Coley,Female,healthcare,agreeableness,430781,Virginia
Doralynne,Ugolotti,Female,education,extraversion,216660,Nebraska
Scarlett,Morgue,Female,healthcare,conscientiousness,51463,Florida
Krystal,Barlee,Female,healthcare,conscientiousness,62663,Missouri
Ted,Outram,Male,government,agreeableness,428547,Arizona
Rozalin,Bollom,Female,technology,agreeableness,115054,Oklahoma
Rodolfo,Woolnough,Male,technology,agreeableness,134565,Arizona
Angelika,Ayre,Female,sales/marketing,conscientiousness,425818,New York
Tymon,Heeps,Male,sales/marketing,extraversion,188083,Ohio
Ardelle,Bowman,Female,finance,agreeableness,265558,Texas
Lenora,Fyfield,Female,finance,conscientiousness,133882,Oklahoma
Salomo,Odo,Male,sales/marketing,agreeableness,89604,California
Kirk,Bellwood,Male,healthcare,conscientiousness,165339,South Dakota
Friederike,Ariss,Female,sales/marketing,extraversion,386219,Texas
Rosmunda,Harburtson,Female,technology,extraversion,368592,Michigan
Guinevere,Clarae,Female,government,conscientiousness,458702,Montana
Andie,Brockhurst,Non-binary,sales/marketing,extraversion,93522,Louisiana
Roland,Vowels,Bigender,finance,conscientiousness,242833,Minnesota
Joni,Simondson,Female,sales/marketing,conscientiousness,273430,South Carolina
Jude,Drinkel,Male,technology,agreeableness,252663,Florida
Felicle,Davioud,Female,healthcare,conscientiousness,160133,Louisiana
Kiah,Bandiera,Female,healthcare,extraversion,337081,Michigan
Daisie,Choake,Female,finance,conscientiousness,338965,California
Anet,Hallowes,Female,finance,agreeableness,327566,Colorado
Sheff,Instock,Male,education,extraversion,461871,Florida
Gage,Jager,Male,government,conscientiousness,308896,District of Columbia
Edd,McKirdy,Male,education,agreeableness,423148,California
Gibby,Lathan,Male,finance,agreeableness,314657,New York
Sammie,Grimwood,Genderfluid,technology,extraversion,326680,New York
Evan,Hunter,Male,government,extraversion,94747,Virginia
Jacquelyn,Dugood,Female,technology,agreeableness,336558,Florida
Roman,Kimber,Male,healthcare,agreeableness,356597,Illinois
Else,Bentjens,Agender,sales/marketing,conscientiousness,404753,Texas
Tabbatha,Grimmert,Female,education,conscientiousness,250205,Texas
Benedikt,Muck,Male,government,conscientiousness,487416,California
Noam,Aldam,Male,healthcare,conscientiousness,396308,California
Agatha,Lewsley,Female,hospitality,extraversion,484886,Connecticut
Miner,Hagergham,Male,technology,conscientiousness,192217,California
Amberly,Tunstall,Genderfluid,finance,extraversion,495314,Louisiana
Grissel,Kilgrove,Female,sales/marketing,conscientiousness,231266,California
Heidi,Fort,Female,government,conscientiousness,94389,Connecticut
Pedro,Douglass,Male,finance,extraversion,86213,California
Vicky,Maldin,Female,sales/marketing,agreeableness,168818,Virginia
Kennith,Alvarado,Polygender,government,extraversion,195474,Minnesota
Michale,Escalera,Male,technology,extraversion,278562,Texas
Joete,Moon,Female,hospitality,agreeableness,112099,Tennessee
Heindrick,Grewe,Male,healthcare,conscientiousness,64283,Minnesota
Sherwin,Minchinden,Male,finance,conscientiousness,139092,Mississippi
Pammie,Kiljan,Female,government,extraversion,406363,Idaho
Adela,Roly,Female,education,agreeableness,319583,Tennessee
Nissie,Dickie,Female,education,agreeableness,374247,Texas
Irma,Rubke,Female,education,agreeableness,220841,Pennsylvania
Miltie,Reuter,Male,technology,extraversion,403376,Nevada
Zechariah,Nichol,Male,sales/marketing,agreeableness,123857,Florida
Matty,Lawler,Female,government,conscientiousness,270142,New York
Reina,Batting,Female,healthcare,extraversion,118527,Kansas
Kinny,Owtram,Male,hospitality,agreeableness,462581,Louisiana
Fredia,Croyden,Female,finance,extraversion,267541,New York
Sam,Rubinek,Male,sales/marketing,agreeableness,475828,Ohio
Benedicta,Biddleston,Female,education,extraversion,361889,Louisiana
Polly,Nanuccioi,Female,finance,conscientiousness,363422,California
Bari,Killoran,Female,healthcare,extraversion,159894,Colorado
Ali,Quayle,Male,hospitality,conscientiousness,237640,Ohio
Buffy,Skin,Female,hospitality,extraversion,486051,California
Harv,Samet,Male,government,agreeableness,260998,Colorado
Cortney,Glowacki,Female,government,extraversion,95236,New York
Hesther,Spry,Female,education,agreeableness,271211,Utah
Alexandr,Neely,Male,hospitality,conscientiousness,105873,Alabama
Yehudi,Riddiough,Male,government,conscientiousness,77514,Massachusetts
Morris,Oglevie,Male,government,extraversion,66481,Indiana
Bernice,Dorie,Bigender,finance,agreeableness,145965,Delaware
Kerri,Austing,Female,healthcare,extraversion,265868,Florida
Marcella,Ziemens,Female,healthcare,conscientiousness,370928,Illinois
Homer,Biagi,Male,government,conscientiousness,307372,Illinois
Blithe,Legging,Female,government,extraversion,428678,Utah
Abbie,Dunne,Male,sales/marketing,conscientiousness,284785,Nevada
Amandie,Swyer,Bigender,technology,conscientiousness,175019,New York
Beatrisa,Whitehead,Non-binary,finance,extraversion,335058,Missouri
Odilia,Crallan,Female,hospitality,extraversion,257465,Louisiana
Orella,Ragsdale,Female,healthcare,conscientiousness,145256,Mississippi
Dev,Grishinov,Genderqueer,healthcare,agreeableness,64073,Florida
Nowell,Goroni,Genderqueer,government,conscientiousness,80880,California
Coletta,McNally,Female,finance,extraversion,286916,Kentucky
Brenda,Ruhben,Female,sales/marketing,conscientiousness,166137,California
Zoe,Shalcras,Female,sales/marketing,conscientiousness,97874,Florida
Beaufort,Bagnold,Male,technology,agreeableness,485707,Iowa
Claudell,Caulcutt,Male,sales/marketing,conscientiousness,330619,Arkansas
Gerhardine,O'Gorman,Female,education,conscientiousness,217156,Indiana
Zollie,Court,Male,sales/marketing,extraversion,269427,Louisiana
Umberto,Nibley,Male,finance,extraversion,57568,Illinois
Randi,Gallamore,Male,finance,conscientiousness,393829,California
Sandra,Rubinek,Female,government,conscientiousness,323099,District of Columbia
Dylan,Billison,Non-binary,sales/marketing,extraversion,463537,District of Columbia
Caty,Ternott,Female,education,agreeableness,167584,California
Burch,Codd,Male,technology,agreeableness,107692,New Hampshire
Brien,Spaduzza,Non-binary,education,conscientiousness,428571,Ohio
Jean,Sawart,Female,technology,extraversion,174238,Illinois
Uriah,Darnbrook,Male,hospitality,extraversion,461260,Kansas
Brenn,Pawden,Female,finance,conscientiousness,226986,Florida
Tate,Antonik,Female,healthcare,conscientiousness,396682,Minnesota
Goldina,Daybell,Female,healthcare,conscientiousness,184033,New York
Goraud,Moncrefe,Male,finance,agreeableness,206212,Colorado
Reinhold,Timbs,Agender,education,conscientiousness,495823,Minnesota
Hurleigh,Todarini,Male,government,agreeableness,129209,Alabama
Alanson,Barcke,Male,government,extraversion,359226,Texas
Murray,Blaschek,Male,technology,agreeableness,213177,Tennessee
Gerard,Pennicott,Male,sales/marketing,conscientiousness,327320,Pennsylvania
Robin,Rubke,Female,government,extraversion,304149,Wisconsin
Raleigh,Dyhouse,Male,government,agreeableness,368855,Texas
Russell,Pengelly,Male,technology,agreeableness,232584,Illinois
Tabbatha,Andell,Female,finance,agreeableness,301780,New Jersey
Samuel,Tebbut,Male,healthcare,conscientiousness,384936,Florida
Dory,McGillicuddy,Female,hospitality,extraversion,407600,California
Selina,Schule,Female,healthcare,extraversion,392013,Illinois
Ava,Dyte,Female,hospitality,agreeableness,380155,Arizona
Dayna,Jedrysik,Non-binary,finance,conscientiousness,109402,Missouri
Kirsten,Boorne,Female,finance,agreeableness,388969,Texas
Giacobo,Cansfield,Male,sales/marketing,conscientiousness,67997,Florida
Sheffield,Rizzello,Male,technology,conscientiousness,131944,North Carolina
Amanda,Verman,Female,hospitality,conscientiousness,445355,Florida
Prudy,Hemmingway,Female,government,conscientiousness,459800,Alabama
Stanleigh,Ashborne,Male,finance,extraversion,411366,Pennsylvania
Langston,Dodding,Male,sales/marketing,extraversion,138706,California
Else,Crownshaw,Female,technology,conscientiousness,487805,Minnesota
Alexander,Hardwicke,Male,government,agreeableness,185674,California
Pier,Kilfoyle,Female,finance,agreeableness,83758,Ohio
Krishnah,Malmar,Male,technology,agreeableness,231307,Alaska
Cord,Grene,Male,healthcare,conscientiousness,103076,California
Walliw,Morcombe,Female,healthcare,conscientiousness,434560,Texas
Gustavo,Hacksby,Male,finance,conscientiousness,184427,Missouri
Coleman,Cowlard,Male,finance,conscientiousness,222424,Arizona
Katie,Wolverson,Female,education,conscientiousness,197712,Hawaii
Melloney,Iacovazzi,Female,finance,agreeableness,476476,Washington
Merrilee,Ismead,Female,education,conscientiousness,369827,Alabama
Pete,Scorthorne,Male,hospitality,conscientiousness,322218,Tennessee
Fidela,Sallowaye,Female,hospitality,extraversion,365340,Florida
Angelo,Teager,Male,finance,extraversion,435073,Virginia
Marchelle,Sinisbury,Female,education,conscientiousness,438755,Texas
Flossy,Bailes,Female,technology,extraversion,406085,Minnesota
Chelsea,McCowan,Female,finance,extraversion,182880,New York
Kelcy,Mockler,Female,education,agreeableness,492881,New York
Angie,Judd,Male,education,extraversion,496437,California
Kala,Lillegard,Female,finance,extraversion,458168,California
Olva,Palser,Female,hospitality,extraversion,370826,Texas
Vanna,Shoosmith,Female,healthcare,conscientiousness,121264,Virginia
Jere,Malek,Female,technology,agreeableness,376759,Florida
Lothaire,Tillerton,Male,sales/marketing,agreeableness,123932,Virginia
Claire,Panyer,Female,education,extraversion,204386,California
Nessy,Verman,Female,education,extraversion,219874,Texas
Patsy,Kunkler,Female,government,extraversion,185872,Massachusetts
Eolanda,Kitchenside,Female,government,agreeableness,405394,California
Bryant,Farherty,Male,hospitality,conscientiousness,402087,Virginia
Hetti,Llopis,Female,hospitality,conscientiousness,492559,Pennsylvania
Gleda,Dyers,Female,finance,agreeableness,321243,California
Maud,Dwelley,Female,finance,agreeableness,221246,Ohio
Estrellita,Broinlich,Female,technology,agreeableness,386352,New York
Sampson,Colchett,Male,technology,conscientiousness,58221,Virginia
Monti,Pellant,Male,healthcare,conscientiousness,167022,Florida
Sandor,Bird,Male,education,conscientiousness,169068,Tennessee
Heinrick,Sibylla,Male,healthcare,agreeableness,251201,Iowa
Josephine,Schieferstein,Female,technology,agreeableness,400939,Oregon
Tabina,Orme,Polygender,education,extraversion,51868,California
Yuri,Faley,Male,technology,agreeableness,217791,Florida
Gabriel,Hundley,Male,healthcare,agreeableness,208930,Florida
Nerta,Sharland,Female,education,agreeableness,459035,Missouri
Rusty,Aldridge,Male,education,conscientiousness,186798,California
Berni,Maha,Female,hospitality,extraversion,198634,Texas
Guilbert,Kellard,Male,technology,extraversion,311437,California
Clevie,Tumber,Male,education,conscientiousness,133141,Alabama
Sheena,Mackin,Female,technology,conscientiousness,101977,Florida
Wesley,Sends,Male,finance,extraversion,344292,New York
Birch,Cradoc,Male,technology,agreeableness,464647,Texas
Mindy,Bastock,Female,technology,extraversion,473462,Illinois
Arlen,Greenman,Genderqueer,hospitality,agreeableness,269600,North Carolina
Alexei,Matiasek,Male,healthcare,agreeableness,54486,California
Towny,Darley,Male,hospitality,conscientiousness,475400,California
Ali,Clow,Agender,technology,conscientiousness,374891,Tennessee
Christalle,Coward,Female,government,extraversion,177188,Georgia
Trefor,Graal,Male,technology,agreeableness,306255,District of Columbia
Nicolais,Werny,Male,government,conscientiousness,404360,Wisconsin
Belinda,Kelwick,Female,government,agreeableness,54216,Pennsylvania
Greta,Pace,Female,technology,extraversion,116303,South Carolina
Aloise,Koche,Female,healthcare,conscientiousness,428962,Ohio
Theresa,Walkden,Female,healthcare,extraversion,148772,Texas
Fitz,Groucutt,Male,healthcare,agreeableness,105066,Arizona
Elaina,Prys,Female,hospitality,agreeableness,63390,Texas
Ogden,Matonin,Male,hospitality,conscientiousness,107703,California
Tammy,Gunderson,Male,hospitality,agreeableness,94861,Massachusetts
Hillel,Dowden,Male,hospitality,agreeableness,454399,Texas
Nicolais,Pirelli,Male,sales/marketing,agreeableness,358729,Minnesota
Dick,Sharrier,Male,technology,agreeableness,371423,Wisconsin
Toiboid,Pashenkov,Male,healthcare,conscientiousness,355956,Texas
Paco,Hamelyn,Male,education,extraversion,122294,Maryland
Ernesto,Stripp,Male,technology,extraversion,342062,South Carolina
Orv,Cowill,Male,finance,agreeableness,119676,Texas
Lance,Shanahan,Male,education,conscientiousness,259788,California
Germana,Leighton,Female,education,agreeableness,147318,Florida
Osmond,Vaughan-Hughes,Polygender,hospitality,agreeableness,308575,California
Kay,Bridie,Female,government,conscientiousness,390498,Virginia
Sallyann,Middlehurst,Female,education,extraversion,182848,Minnesota
Jasper,Domingues,Male,sales/marketing,agreeableness,126023,Idaho
Filia,Clemendet,Female,healthcare,agreeableness,206599,California
Rowan,Walczak,Male,hospitality,agreeableness,218159,Georgia
Norbie,Larrie,Male,finance,agreeableness,452830,Texas
Ewen,Litel,Male,sales/marketing,agreeableness,499925,South Carolina
Euell,Kingh,Male,healthcare,conscientiousness,280206,Louisiana
Ax,Kemmer,Male,finance,extraversion,50348,Virginia
Kelcie,Foxen,Genderfluid,finance,conscientiousness,88398,Texas
Tan,Ollington,Male,healthcare,agreeableness,419822,Alabama
Sasha,Malling,Male,finance,extraversion,313985,Texas
Jada,Joel,Female,technology,conscientiousness,275574,Ohio
Keelby,Bosher,Male,hospitality,conscientiousness,437302,Pennsylvania
Sephira,Minghetti,Female,education,extraversion,420737,Massachusetts
Lauralee,Couser,Female,hospitality,extraversion,292147,Louisiana
Junia,Leechman,Female,education,conscientiousness,172739,California
Fairlie,Woodsford,Male,hospitality,agreeableness,70750,New Jersey
Baxy,Mallows,Male,hospitality,extraversion,207847,Louisiana
Riordan,Clapton,Male,education,agreeableness,240956,California
Brynna,Simoni,Female,government,extraversion,128572,Oklahoma
Allyn,Tweddell,Female,government,conscientiousness,360876,California
Lacee,Reyes,Female,finance,extraversion,254850,Rhode Island
Cassondra,Cisson,Female,sales/marketing,agreeableness,138717,West Virginia
Babara,Carrett,Polygender,hospitality,agreeableness,339231,Indiana
Darb,Winteringham,Female,education,conscientiousness,53460,Virginia
Cosmo,Pemberton,Male,finance,agreeableness,66112,Ohio
Gareth,McCarrick,Polygender,hospitality,extraversion,481624,California
Pip,Born,Male,government,conscientiousness,477710,Colorado
Sibeal,Longthorn,Female,education,conscientiousness,164931,Florida
Reggis,Waddington,Male,sales/marketing,agreeableness,321952,Virginia
Osbourn,Hardin,Male,hospitality,conscientiousness,428555,Maryland
Orrin,De Minico,Male,education,agreeableness,376599,Florida
Ruthann,Rizzetti,Female,education,extraversion,393612,Florida
Jose,Cato,Male,technology,agreeableness,296178,Texas
Jeromy,Lilbourne,Male,education,agreeableness,366095,Iowa
Zeke,Perritt,Male,government,conscientiousness,406790,Maryland
Barthel,Fassmann,Male,hospitality,extraversion,394970,Michigan
Corby,Loraine,Male,education,agreeableness,104158,Texas
Jodi,Emmanuel,Female,government,extraversion,166913,District of Columbia
Lewes,Corpes,Male,education,conscientiousness,224108,Minnesota
Jade,Chittey,Female,healthcare,conscientiousness,308058,Michigan
Bernadina,Hearley,Female,healthcare,extraversion,381874,Michigan
Natty,MacSkeagan,Male,education,conscientiousness,77090,Texas
Dorree,Jollie,Female,healthcare,extraversion,344051,Louisiana
Olenka,Tiler,Female,finance,agreeableness,366134,Ohio
Tannie,Brasher,Genderfluid,government,extraversion,275741,Virginia
Josee,Hessing,Female,education,extraversion,198787,Kentucky
Cariotta,Ephgrave,Female,hospitality,conscientiousness,317714,Michigan
Gloriana,Sucre,Female,healthcare,extraversion,391087,Texas
Bobbie,King,Bigender,finance,conscientiousness,369480,Virginia
Ashia,Klaaasen,Female,finance,agreeableness,259112,New York
Reinaldos,Aubin,Male,education,agreeableness,305411,Ohio
Rosalinda,Jamson,Female,healthcare,extraversion,255714,Washington
Justinian,McClounan,Male,finance,extraversion,361909,North Carolina
Dalenna,Scargill,Female,healthcare,conscientiousness,84886,Colorado
Sergent,Kissick,Genderfluid,education,extraversion,58072,California
Swen,Stallwood,Male,sales/marketing,conscientiousness,248235,Alabama
Wallache,Tippetts,Male,government,conscientiousness,66210,New York
Lyda,Sarge,Female,sales/marketing,conscientiousness,417860,Alabama
Gloriana,Scading,Genderfluid,hospitality,conscientiousness,184246,Tennessee
Gan,Kupis,Male,healthcare,conscientiousness,91773,Texas
Arri,Yashaev,Polygender,healthcare,agreeableness,188871,Oklahoma
Phylys,Steagall,Female,finance,extraversion,207699,Alabama
Joel,Brellin,Male,government,conscientiousness,420396,Pennsylvania
Honey,Jotham,Bigender,government,extraversion,138267,Nevada
Annie,Hague,Female,education,conscientiousness,268720,Iowa
Pammy,Castelli,Female,finance,extraversion,170837,Pennsylvania
Claudell,Spellesy,Male,healthcare,conscientiousness,53427,Texas
Editha,Bossom,Female,education,conscientiousness,199957,Missouri
Valentino,Tremblet,Male,sales/marketing,agreeableness,142949,Kentucky
Bryan,Cargon,Male,healthcare,agreeableness,158253,Missouri
Ediva,Abela,Genderqueer,education,conscientiousness,490225,Massachusetts
Reilly,Lanchester,Male,technology,conscientiousness,435123,Louisiana
Felecia,Casewell,Genderqueer,government,agreeableness,354761,Texas
Kathy,Stood,Female,healthcare,conscientiousness,190748,Ohio
Noble,Meiningen,Male,hospitality,agreeableness,180279,Illinois
Cris,Frie,Female,education,agreeableness,437792,Minnesota
Egbert,Deere,Male,sales/marketing,agreeableness,337251,Arizona
Cecilius,Cicullo,Male,hospitality,agreeableness,119835,Arizona
Nananne,Pashler,Female,sales/marketing,conscientiousness,412943,District of Columbia
Ruth,Ivakhno,Female,government,conscientiousness,157331,South Dakota
Marven,Wooding,Bigender,sales/marketing,extraversion,143951,Oklahoma
Osbert,Tommaseo,Male,hospitality,extraversion,169338,California
Osgood,Filpo,Non-binary,government,extraversion,166512,Wisconsin
Kate,Clynman,Female,government,agreeableness,65040,Georgia
Arvie,Sealove,Male,technology,conscientiousness,397341,Kansas
Sol,Purtell,Male,finance,agreeableness,162162,North Carolina
Maurice,Birchwood,Male,finance,agreeableness,406705,Texas
Theodore,Steggles,Male,education,extraversion,406484,California
Kitti,Brisley,Female,technology,agreeableness,270255,Tennessee
Ronda,Goldring,Female,technology,extraversion,385579,Georgia
Fenelia,Davidovich,Female,healthcare,extraversion,164954,Virginia
Lauralee,Killby,Female,healthcare,extraversion,136822,Florida
Tabbatha,Gingle,Female,sales/marketing,agreeableness,55027,Illinois
Eduard,Kean,Male,hospitality,agreeableness,298348,California
Tomaso,Barti,Male,technology,extraversion,455614,Florida
Addi,Caramuscia,Female,healthcare,extraversion,362759,Georgia
Ulick,Lammerding,Male,sales/marketing,agreeableness,383895,California
Chickie,Matiashvili,Male,technology,extraversion,285329,Iowa
Jocelin,Mattevi,Genderfluid,education,extraversion,104856,California
Michaela,Lamont,Female,technology,conscientiousness,193058,Texas
Oliviero,Longhirst,Male,sales/marketing,conscientiousness,141156,Texas
Mariette,Breewood,Female,finance,conscientiousness,147240,Illinois
Delano,Ciccotto,Male,hospitality,agreeableness,71884,Texas
Michaella,Dibsdale,Female,technology,conscientiousness,210360,Montana
Jonas,Alliban,Genderfluid,hospitality,extraversion,349781,California
Herbie,Fields,Bigender,finance,conscientiousness,177212,New York
Ozzy,Maddra,Male,healthcare,extraversion,60292,Minnesota
Rouvin,Antonignetti,Male,education,agreeableness,284239,New York
Melisse,Edrich,Polygender,education,extraversion,419690,New York
Dido,Orfeur,Bigender,sales/marketing,conscientiousness,371583,California
Lona,Teck,Female,education,conscientiousness,429110,District of Columbia
Aarika,Cowlam,Female,healthcare,extraversion,267463,Ohio
Gorden,Tanswill,Male,sales/marketing,conscientiousness,187664,Alabama
Alameda,Ciric,Female,hospitality,agreeableness,153684,California
Eada,Brumwell,Female,education,agreeableness,333938,Florida
Ailina,Emmanueli,Bigender,education,agreeableness,208525,Washington
Talbot,Jepensen,Male,sales/marketing,agreeableness,170580,New Jersey
Cale,Klimowicz,Male,government,conscientiousness,422948,California
Orsa,Abley,Female,technology,extraversion,220581,New Jersey
Adah,Wolstenholme,Female,finance,extraversion,304749,Colorado
Sarena,Marcinkowski,Female,education,agreeableness,462145,Connecticut
Holli,Beattie,Female,healthcare,agreeableness,290806,Washington
Pammie,Joseland,Polygender,sales/marketing,extraversion,294494,Texas
Lazaro,Hardie,Male,government,extraversion,354821,Texas
Darda,Berwick,Female,government,conscientiousness,279937,New York
Warden,Hasloch,Male,sales/marketing,agreeableness,82104,Florida
Morgen,McCorrie,Female,hospitality,agreeableness,458534,Texas
Steffane,Aprahamian,Female,government,agreeableness,337632,Minnesota
Serena,Rosso,Female,finance,conscientiousness,265733,Washington
Rabbi,Yude,Male,hospitality,agreeableness,202358,Kentucky
Tucky,Lorait,Male,hospitality,extraversion,252812,New York
Letizia,Yearnsley,Female,technology,conscientiousness,468837,California
Riva,Yeell,Female,technology,extraversion,83786,Texas
Neils,Tweddle,Male,government,agreeableness,202910,Pennsylvania
Alwyn,Durrance,Male,sales/marketing,agreeableness,418884,California
Debee,Crumley,Female,education,extraversion,269047,Georgia
Robers,Hardson,Male,finance,conscientiousness,427704,District of Columbia
Angele,Pieracci,Female,education,agreeableness,444589,Connecticut
Tanner,Kellet,Male,finance,conscientiousness,277695,North Carolina
Matteo,MacMickan,Male,healthcare,extraversion,257325,District of Columbia
Konstance,Yarnley,Female,sales/marketing,agreeableness,224460,Wisconsin
Giovanna,Tort,Female,education,extraversion,182847,North Carolina
Flossi,Moodie,Female,technology,agreeableness,302783,South Dakota
