first_name,last_name,gender,sector,personality_trait,salary,state
Caitlin,MacLeod,Female,Finance,Conscientiousness,>$500k,Texas
Filip,Kinnier,Male,Government,Conscientiousness,<$50k,Alabama
Mignonne,Willden,Female,Technology,Conscientiousness,$250-500k,West Virginia
Vale,Attac,Male,Technology,Extraversion,<$50k,Alabama
Clarabelle,Pembery,Female,Healthcare,Conscientiousness,$50-100k,California
Seward,Iveagh,Male,Marketing,Agreeableness,$250-500k,Florida
Brita,Birkwood,Female,Education,Neuroticism,$250-500k,Illinois
Aleen,Van der Brug,Female,Education,Agreeableness,$250-500k,California
Noelyn,Crampin,Female,Finance,Extraversion,$150-250k,Oklahoma
Cosimo,Cordrey,Male,Hospitality,Conscientiousness,<$50k,Colorado
Freeland,Maron,Male,Hospitality,Neuroticism,$250-500k,Iowa
Zarla,Lambertson,Female,Hospitality,Openness,>$500k,Illinois
Shela,Beeble,Female,Government,Neuroticism,$50-100k,Tennessee
Consalve,Duncan,Male,Technology,Openness,$150-250k,California
Smitty,Jobb,Male,Education,Neuroticism,>$500k,Texas
Rory,McAuley,Female,Retail,Conscientiousness,<$50k,Indiana
Rory,Cowlin,Male,Retail,Extraversion,$50-100k,New York
Sashenka,Jursch,Female,Government,Openness,$150-250k,Louisiana
Paxton,Kernermann,Male,Marketing,Extraversion,$150-250k,Arizona
Roderich,McEniry,Male,Healthcare,Agreeableness,$100-150k,New York
Godfree,Hauger,Male,Education,Extraversion,$100-150k,Indiana
Lazar,Spering,Male,Education,Openness,>$500k,Virginia
North,Tooley,Male,Healthcare,Conscientiousness,$250-500k,Virginia
Leonidas,Bluschke,Male,Technology,Agreeableness,$150-250k,Florida
Ingram,Bynold,Non-binary,Retail,Openness,$100-150k,West Virginia
Lettie,Mulderrig,Female,Technology,Agreeableness,>$500k,Texas
Cristal,Stammers,Female,Education,Agreeableness,$150-250k,Florida
Sibylla,Pumfrett,Polygender,Retail,Extraversion,$150-250k,Florida
Dewey,Petts,Male,Retail,Extraversion,>$500k,Tennessee
Denna,Caffery,Female,Marketing,Conscientiousness,<$50k,West Virginia
Blithe,Padgham,Bigender,Healthcare,Openness,$250-500k,Virginia
Brandy,Ruffles,Female,Technology,Neuroticism,>$500k,Florida
Hillary,Morrant,Male,Finance,Extraversion,$250-500k,Maryland
Ulick,Canavan,Male,Entertainment,Conscientiousness,$100-150k,New York
Halimeda,Amphlett,Female,Education,Extraversion,<$50k,New York
Alysa,Mussen,Female,Retail,Agreeableness,$150-250k,California
Meriel,Hargess,Female,Technology,Conscientiousness,$100-150k,Florida
Cody,Stroulger,Male,Finance,Extraversion,<$50k,Florida
Farrell,Mort,Male,Technology,Neuroticism,<$50k,Texas
Aridatha,Cheley,Female,Healthcare,Agreeableness,$150-250k,Texas
Kerianne,Hagwood,Genderqueer,Government,Conscientiousness,$100-150k,Arizona
Jarrod,Shoebridge,Male,Entertainment,Extraversion,$100-150k,Texas
Malissia,Varnam,Polygender,Government,Neuroticism,<$50k,Kansas
Leese,Geggie,Female,Government,Neuroticism,$250-500k,Tennessee
Wood,Nisbet,Male,Education,Extraversion,$250-500k,Washington
Merrielle,Edlestone,Female,Finance,Conscientiousness,$150-250k,Ohio
Jared,Meachan,Male,Entertainment,Conscientiousness,$250-500k,Missouri
Melina,Joffe,Non-binary,Healthcare,Extraversion,$50-100k,Missouri
Chrystal,McGeaney,Female,Retail,Conscientiousness,$250-500k,Virginia
Whitman,Trigwell,Male,Government,Extraversion,<$50k,Hawaii
Jessalyn,Janota,Female,Education,Agreeableness,<$50k,Tennessee
Gwenette,Delleschi,Polygender,Technology,Neuroticism,$100-150k,California
Terence,Halsho,Male,Education,Agreeableness,$150-250k,Pennsylvania
Ariela,Othen,Female,Hospitality,Agreeableness,$150-250k,Michigan
Sergent,Snuggs,Male,Education,Agreeableness,>$500k,Virginia
Clayborn,Matchitt,Male,Entertainment,Agreeableness,$50-100k,North Carolina
Goraud,Blare,Non-binary,Marketing,Conscientiousness,$100-150k,Virginia
Cherie,Pactat,Female,Entertainment,Agreeableness,$150-250k,Pennsylvania
Camila,Clulee,Female,Technology,Extraversion,$250-500k,Texas
Hyacinth,Habbergham,Female,Retail,Agreeableness,$250-500k,Minnesota
Tiffie,Delooze,Female,Technology,Neuroticism,>$500k,Pennsylvania
Abran,Chmiel,Male,Technology,Extraversion,>$500k,Florida
Orly,Phonix,Female,Retail,Openness,$100-150k,Mississippi
Tricia,Golland,Female,Education,Conscientiousness,$100-150k,California
Bertina,McGuff,Female,Retail,Openness,$50-100k,Louisiana
Conney,Bea,Male,Marketing,Openness,$50-100k,Virginia
Lewie,Nuth,Male,Entertainment,Agreeableness,$100-150k,California
Ebenezer,Butchart,Bigender,Marketing,Extraversion,$250-500k,South Carolina
Billye,Whiley,Bigender,Entertainment,Extraversion,$50-100k,Ohio
Lucretia,Antoniutti,Female,Education,Openness,<$50k,Missouri
Leopold,Redmond,Male,Government,Agreeableness,<$50k,Illinois
Sherry,Ivashnikov,Female,Hospitality,Extraversion,<$50k,Nevada
Sidonnie,Prigg,Female,Hospitality,Agreeableness,$250-500k,Alabama
Munmro,Colquite,Male,Marketing,Openness,$250-500k,California
Morgan,Servant,Male,Government,Neuroticism,$250-500k,Tennessee
Bard,Leverette,Male,Healthcare,Openness,$150-250k,Georgia
Robinet,Redhole,Male,Government,Neuroticism,>$500k,Arizona
Lowrance,Coils,Male,Entertainment,Extraversion,>$500k,Florida
Lise,Overy,Female,Marketing,Agreeableness,$50-100k,Idaho
Gregoor,Barclay,Male,Finance,Agreeableness,<$50k,Texas
Guido,Lomasney,Male,Government,Openness,$250-500k,Ohio
Brewster,Battany,Male,Entertainment,Agreeableness,$250-500k,Texas
Arlan,Cloke,Male,Technology,Openness,$50-100k,Texas
Omar,Keneford,Male,Education,Agreeableness,<$50k,Pennsylvania
Dianne,La Croce,Female,Education,Conscientiousness,<$50k,California
Sloane,Bibb,Male,Technology,Conscientiousness,>$500k,California
Wylie,Exelby,Male,Entertainment,Neuroticism,$250-500k,California
Maryl,Cossington,Polygender,Hospitality,Openness,<$50k,Utah
Levy,Cockayne,Male,Marketing,Neuroticism,$250-500k,Georgia
Ediva,Laming,Female,Retail,Conscientiousness,>$500k,Tennessee
Quintana,Nesey,Female,Technology,Neuroticism,>$500k,Texas
Guinna,Dimelow,Female,Education,Agreeableness,<$50k,Florida
Tiler,Ryding,Male,Hospitality,Extraversion,>$500k,New York
Austin,Roberts,Female,Healthcare,Extraversion,$50-100k,California
Alameda,Sleight,Female,Healthcare,Neuroticism,$100-150k,Florida
Erinn,Muirhead,Female,Retail,Extraversion,$50-100k,Wisconsin
Carlin,Leebetter,Female,Government,Extraversion,>$500k,Texas
Bentley,Taillard,Male,Finance,Conscientiousness,$100-150k,Michigan
Norina,Tinham,Female,Hospitality,Agreeableness,$250-500k,District of Columbia
Marv,Cardozo,Male,Marketing,Extraversion,$50-100k,Florida
Tybie,Duffett,Female,Retail,Neuroticism,<$50k,North Carolina
Winnie,Rahill,Male,Finance,Extraversion,$100-150k,Texas
Fergus,Revey,Male,Government,Openness,$50-100k,Florida
Mahmoud,Guidini,Male,Healthcare,Agreeableness,<$50k,Virginia
Gav,Hadny,Male,Finance,Agreeableness,$150-250k,Maryland
Leroy,Harhoff,Male,Government,Neuroticism,$50-100k,Minnesota
Walt,Wrigley,Male,Government,Agreeableness,$100-150k,Washington
Mitchael,Southway,Male,Retail,Conscientiousness,$100-150k,Virginia
Howard,Hallums,Agender,Entertainment,Extraversion,$150-250k,New Jersey
Leonie,Briddock,Female,Finance,Agreeableness,$150-250k,Missouri
Emlen,Spon,Male,Finance,Agreeableness,<$50k,Idaho
Linda,Refford,Female,Finance,Extraversion,<$50k,Alabama
Kin,McCrackem,Non-binary,Entertainment,Neuroticism,$50-100k,California
Jordain,Meader,Female,Education,Neuroticism,>$500k,Wisconsin
Gaile,Haycroft,Male,Marketing,Neuroticism,$150-250k,Missouri
Dawn,Kilford,Female,Hospitality,Extraversion,$250-500k,Georgia
Betsy,Gladdish,Female,Hospitality,Neuroticism,$250-500k,Florida
Rudolfo,Piercey,Male,Technology,Extraversion,$50-100k,California
Hyacinthe,Blunsom,Female,Technology,Extraversion,>$500k,Pennsylvania
Benita,McGillacoell,Female,Hospitality,Openness,$100-150k,Georgia
Yvor,Treher,Male,Finance,Extraversion,>$500k,California
Bevan,Wyne,Male,Entertainment,Agreeableness,<$50k,Michigan
Paddie,Larmett,Male,Healthcare,Openness,$250-500k,Alabama
Tobie,Sedger,Male,Marketing,Neuroticism,>$500k,Florida
Shandee,Collidge,Female,Finance,Openness,$250-500k,Virginia
Matias,Ivanisov,Bigender,Hospitality,Neuroticism,>$500k,Texas
Lorine,Jardine,Female,Government,Conscientiousness,<$50k,Nevada
Sioux,Smythin,Female,Hospitality,Neuroticism,$50-100k,Alabama
Ilka,Padden,Female,Healthcare,Agreeableness,$100-150k,Massachusetts
Deeyn,Woolpert,Female,Finance,Openness,>$500k,Florida
Jamesy,Jess,Male,Entertainment,Extraversion,$150-250k,Florida
Ilise,O'Tuohy,Genderqueer,Hospitality,Neuroticism,$150-250k,Florida
Moshe,Jahn,Male,Education,Conscientiousness,$50-100k,New Jersey
Deb,Posvner,Female,Healthcare,Agreeableness,<$50k,New York
Ginger,Linacre,Male,Healthcare,Agreeableness,<$50k,Colorado
Keefer,Nutman,Male,Education,Agreeableness,$250-500k,California
Stern,Puttick,Male,Government,Conscientiousness,$100-150k,Ohio
Rachel,Pechet,Female,Marketing,Openness,$150-250k,North Carolina
Arlin,Wressell,Male,Finance,Neuroticism,$250-500k,Virginia
Gar,Pirazzi,Male,Healthcare,Conscientiousness,<$50k,California
Gabriello,Dudeney,Male,Entertainment,Agreeableness,$100-150k,New York
Ashbey,Ropartz,Male,Entertainment,Conscientiousness,>$500k,Florida
Daniela,Todari,Female,Education,Agreeableness,<$50k,California
Deanna,Dimont,Female,Retail,Agreeableness,$150-250k,Texas
Laurie,Polle,Male,Education,Agreeableness,>$500k,California
Arnold,Messent,Male,Technology,Conscientiousness,$50-100k,Kentucky
Lynnett,Randle,Female,Finance,Agreeableness,>$500k,Texas
Valina,Stockau,Female,Finance,Neuroticism,$100-150k,California
Elnore,Chipping,Female,Government,Extraversion,$250-500k,Texas
Maurise,Conechie,Female,Government,Agreeableness,$50-100k,Tennessee
Jourdan,Ravilus,Genderqueer,Technology,Openness,$250-500k,Colorado
Gus,McMenamin,Male,Hospitality,Neuroticism,$50-100k,Wisconsin
Damiano,Pharaoh,Non-binary,Hospitality,Neuroticism,$150-250k,Virginia
Cherida,Walby,Female,Entertainment,Extraversion,$50-100k,Florida
Chrystel,Spacey,Female,Finance,Extraversion,$100-150k,West Virginia
Ursola,Sprason,Polygender,Retail,Openness,>$500k,District of Columbia
Rowan,Barthelmes,Male,Technology,Extraversion,$150-250k,Kansas
Sky,Wythe,Male,Retail,Openness,$50-100k,New York
Rosalyn,Gantzer,Female,Entertainment,Extraversion,>$500k,Washington
Eli,Knaggs,Male,Technology,Conscientiousness,$50-100k,Oklahoma
Eugenie,Kenealy,Female,Education,Agreeableness,$250-500k,Kentucky
Cristabel,Greig,Female,Government,Extraversion,<$50k,Colorado
Ivonne,Todari,Female,Finance,Agreeableness,$100-150k,Alabama
Ferdinande,Rangle,Female,Healthcare,Agreeableness,$250-500k,Virginia
Freda,Segrott,Female,Hospitality,Extraversion,$150-250k,California
Siana,Courtin,Female,Entertainment,Extraversion,$50-100k,Ohio
Libbie,Kintzel,Female,Entertainment,Extraversion,>$500k,Texas
Cathe,Varah,Female,Government,Openness,>$500k,Nevada
Lidia,Skidmore,Female,Entertainment,Neuroticism,$100-150k,Ohio
Hobart,Beamond,Male,Retail,Conscientiousness,$250-500k,Massachusetts
Sunny,Grattan,Male,Hospitality,Extraversion,$50-100k,Virginia
Aldus,Ettridge,Genderfluid,Healthcare,Neuroticism,<$50k,Missouri
Sukey,Jurasek,Female,Retail,Agreeableness,$250-500k,Oklahoma
Rebeca,Ravilious,Non-binary,Technology,Extraversion,$50-100k,Florida
Wynne,Graser,Female,Hospitality,Conscientiousness,$50-100k,Ohio
Gale,Gate,Male,Healthcare,Extraversion,$100-150k,Florida
Wit,Beincken,Male,Government,Conscientiousness,$250-500k,Arizona
Esra,Kiezler,Genderfluid,Finance,Neuroticism,$150-250k,Indiana
Terry,Ruddell,Male,Finance,Agreeableness,$100-150k,Pennsylvania
Jordanna,Le Teve,Female,Government,Openness,$150-250k,Utah
Cristobal,Valasek,Male,Entertainment,Openness,$50-100k,Florida
Idette,Scoular,Agender,Hospitality,Neuroticism,$50-100k,Pennsylvania
Belvia,Giral,Female,Hospitality,Extraversion,$250-500k,California
Ivett,Hanstock,Female,Marketing,Agreeableness,<$50k,Missouri
Micaela,Stiegers,Female,Entertainment,Agreeableness,>$500k,Colorado
Gerrie,Joannidi,Female,Technology,Neuroticism,$250-500k,Michigan
Zita,Twist,Polygender,Marketing,Extraversion,$250-500k,Minnesota
Betti,Corbin,Female,Finance,Conscientiousness,$250-500k,Texas
Field,Leuren,Male,Entertainment,Extraversion,$50-100k,Virginia
Minerva,Howroyd,Female,Marketing,Neuroticism,$50-100k,Pennsylvania
Selig,Goulter,Genderqueer,Government,Agreeableness,$100-150k,Michigan
Rriocard,Lengthorn,Male,Technology,Agreeableness,>$500k,Alabama
Dyane,Baison,Female,Technology,Conscientiousness,>$500k,North Carolina
Freddie,Ponnsett,Female,Entertainment,Openness,$150-250k,Florida
Karna,Rendell,Female,Finance,Extraversion,$100-150k,Illinois
Grissel,Gammon,Female,Healthcare,Agreeableness,$150-250k,Texas
Prentice,Smaile,Male,Retail,Openness,>$500k,California
Velma,Gemson,Female,Finance,Neuroticism,$150-250k,Pennsylvania
Ashlen,Noe,Female,Retail,Openness,>$500k,Maryland
Edlin,Burn,Male,Government,Openness,$100-150k,Indiana
Andi,Novotne,Female,Healthcare,Extraversion,$250-500k,Virginia
Melodee,Westlake,Female,Finance,Openness,$50-100k,Florida
Lexine,Pinchbeck,Female,Hospitality,Openness,$250-500k,Kentucky
Rickie,Casarili,Male,Healthcare,Conscientiousness,$50-100k,Nevada
Konrad,Fordy,Male,Marketing,Neuroticism,$150-250k,Texas
Heywood,Danzey,Male,Marketing,Openness,<$50k,Florida
Emmalynne,Earwaker,Female,Healthcare,Agreeableness,$100-150k,Colorado
Rosy,Robley,Female,Entertainment,Conscientiousness,>$500k,Mississippi
Joceline,Shrimptone,Female,Education,Conscientiousness,$100-150k,Illinois
Emmit,Callar,Male,Hospitality,Conscientiousness,<$50k,California
Arliene,Tibbetts,Female,Hospitality,Agreeableness,<$50k,Massachusetts
Huntlee,Daymond,Male,Marketing,Openness,>$500k,Illinois
Adrian,Darte,Female,Healthcare,Neuroticism,<$50k,New York
Paola,Shill,Female,Entertainment,Agreeableness,$250-500k,Georgia
Thibaud,Delwater,Male,Education,Extraversion,$250-500k,Florida
Jaime,Abadam,Male,Government,Extraversion,$150-250k,Washington
Madelyn,Keddle,Female,Marketing,Neuroticism,$100-150k,North Carolina
Jada,Rosenhaus,Female,Healthcare,Agreeableness,$100-150k,New York
Hillard,Jones,Male,Finance,Openness,$250-500k,New York
Keelby,Snaden,Male,Finance,Neuroticism,>$500k,Virginia
Kori,Grisley,Female,Technology,Extraversion,>$500k,Oregon
Noah,Passo,Male,Retail,Openness,$150-250k,Washington
Donal,Karle,Male,Technology,Agreeableness,<$50k,Texas
Cam,Bellocht,Male,Government,Extraversion,$100-150k,Colorado
Felipa,Spain,Female,Technology,Extraversion,>$500k,Florida
Chane,Pobjoy,Male,Government,Extraversion,<$50k,Florida
Zondra,Teece,Agender,Marketing,Extraversion,$150-250k,Florida
Tilly,Engelbrecht,Female,Retail,Neuroticism,$100-150k,Michigan
Shaine,Dodman,Non-binary,Finance,Conscientiousness,$250-500k,Colorado
Jenna,Godleman,Female,Hospitality,Extraversion,$100-150k,District of Columbia
Otha,Petofi,Female,Retail,Neuroticism,<$50k,Kentucky
Blaine,Whayman,Male,Hospitality,Neuroticism,$150-250k,Pennsylvania
Steve,Hanselman,Male,Finance,Neuroticism,$100-150k,Florida
Auberon,Sandon,Male,Retail,Conscientiousness,>$500k,Texas
Krishnah,Saunier,Male,Marketing,Agreeableness,$150-250k,District of Columbia
Tiphani,Larraway,Genderfluid,Marketing,Conscientiousness,$50-100k,Texas
Merl,Sidebotton,Female,Hospitality,Openness,$50-100k,Illinois
Jesse,Lapthorne,Female,Technology,Neuroticism,$250-500k,Illinois
Atalanta,Kelwick,Female,Education,Conscientiousness,$50-100k,Kansas
Corella,Grieger,Female,Retail,Conscientiousness,>$500k,Utah
Martha,Londors,Female,Healthcare,Neuroticism,$50-100k,Connecticut
Odo,Grealy,Male,Government,Neuroticism,$50-100k,Illinois
Brittney,Jelphs,Female,Education,Agreeableness,>$500k,Georgia
Marlin,Tolworthy,Male,Technology,Agreeableness,$150-250k,New Jersey
Nickey,Congdon,Male,Entertainment,Agreeableness,$100-150k,Oklahoma
Wynny,Joffe,Female,Education,Agreeableness,<$50k,Florida
Anstice,Pennaman,Genderfluid,Government,Agreeableness,$100-150k,New Mexico
Zena,Stainland,Female,Marketing,Extraversion,>$500k,Illinois
Rory,Bough,Male,Retail,Conscientiousness,$250-500k,Illinois
Cassie,Gregoletti,Polygender,Government,Openness,$50-100k,Connecticut
Thaddeus,Christall,Male,Marketing,Agreeableness,$50-100k,Massachusetts
Matelda,Howlings,Bigender,Education,Agreeableness,<$50k,Alabama
Leonardo,Curedell,Male,Marketing,Neuroticism,$100-150k,Indiana
Leontyne,Sicha,Female,Education,Conscientiousness,$250-500k,Missouri
Donn,Bichard,Male,Education,Extraversion,$100-150k,Nebraska
Leonard,Figures,Male,Entertainment,Agreeableness,<$50k,Colorado
Huntley,Coaker,Male,Healthcare,Openness,$250-500k,Hawaii
Jacquie,Fliege,Female,Retail,Openness,$50-100k,Texas
Penelope,Goosnell,Female,Marketing,Extraversion,$50-100k,Michigan
Trish,Buckler,Female,Government,Conscientiousness,$250-500k,Louisiana
Sena,Klimt,Female,Government,Openness,<$50k,California
Bron,Duligal,Male,Entertainment,Extraversion,$100-150k,Oklahoma
Alix,Strotton,Bigender,Government,Openness,<$50k,California
Felisha,Persence,Female,Hospitality,Openness,$50-100k,South Carolina
Tabatha,Burnyeat,Female,Healthcare,Extraversion,$150-250k,Pennsylvania
Stella,Brood,Genderqueer,Marketing,Openness,$100-150k,Alabama
Sheelagh,Chinge,Female,Education,Agreeableness,>$500k,California
Aeriela,Camies,Female,Marketing,Conscientiousness,>$500k,Minnesota
Desmond,Grimstead,Male,Hospitality,Conscientiousness,$100-150k,Colorado
Nicko,McShane,Male,Government,Extraversion,<$50k,Illinois
April,Balk,Female,Finance,Extraversion,$100-150k,Tennessee
Margit,Sousa,Female,Finance,Extraversion,$250-500k,New Jersey
Helaine,Creighton,Female,Healthcare,Neuroticism,>$500k,Massachusetts
Stafani,Houselee,Female,Retail,Neuroticism,$150-250k,Kentucky
Jo-anne,MacCafferky,Genderqueer,Entertainment,Conscientiousness,$250-500k,Arizona
Wendall,Coult,Male,Retail,Openness,$50-100k,California
Vinni,Curtis,Female,Retail,Agreeableness,>$500k,Tennessee
Tisha,Hannaby,Female,Finance,Agreeableness,>$500k,Massachusetts
Gallagher,Maypes,Male,Education,Neuroticism,$50-100k,Oregon
Hinda,Stoppe,Female,Hospitality,Agreeableness,<$50k,District of Columbia
Alvinia,Finding,Female,Entertainment,Openness,>$500k,Florida
Wrennie,Goricke,Female,Government,Openness,$100-150k,Oregon
Luigi,Berthe,Male,Hospitality,Openness,<$50k,Illinois
Muffin,Catt,Male,Retail,Conscientiousness,>$500k,Florida
Hildegarde,Straniero,Female,Entertainment,Agreeableness,>$500k,Ohio
Nata,Terlinden,Female,Healthcare,Conscientiousness,<$50k,Texas
Mag,Ninotti,Female,Retail,Extraversion,$100-150k,Oregon
Gerick,Loins,Male,Education,Agreeableness,$100-150k,California
Ossie,Loweth,Male,Retail,Neuroticism,>$500k,Illinois
Charin,Schoolcroft,Female,Marketing,Agreeableness,$150-250k,Nevada
Sebastien,Masters,Male,Finance,Extraversion,>$500k,California
Jacques,Eynaud,Male,Retail,Agreeableness,>$500k,New York
Esme,Tanswill,Male,Technology,Agreeableness,$100-150k,Illinois
Josh,Silcocks,Male,Entertainment,Agreeableness,$100-150k,Georgia
Janeva,Sweatman,Female,Hospitality,Agreeableness,>$500k,Georgia
Jennie,Gopsill,Female,Marketing,Conscientiousness,$100-150k,Alabama
Adeline,Callum,Female,Healthcare,Conscientiousness,<$50k,Arizona
Dominga,Broggetti,Female,Education,Extraversion,$250-500k,Texas
Jermain,Bradborne,Male,Education,Neuroticism,$150-250k,California
Ferdinande,Naile,Female,Marketing,Neuroticism,$150-250k,Illinois
Lib,Yitzhok,Female,Education,Conscientiousness,$50-100k,Florida
Michael,Pavlovic,Non-binary,Government,Conscientiousness,$250-500k,Michigan
Barnebas,Hebditch,Male,Hospitality,Agreeableness,>$500k,Florida
Shel,Garthland,Female,Technology,Neuroticism,$250-500k,Florida
King,Moncur,Male,Finance,Conscientiousness,>$500k,California
Ester,Keyes,Female,Finance,Conscientiousness,>$500k,Ohio
Grata,Chinge de Hals,Female,Healthcare,Conscientiousness,$250-500k,Hawaii
Willetta,Ciobutaro,Female,Education,Openness,$250-500k,California
Griz,Hacket,Male,Government,Conscientiousness,$250-500k,Tennessee
Odelia,Yorke,Female,Technology,Conscientiousness,$250-500k,Nevada
Pollyanna,Tuley,Female,Government,Openness,>$500k,Florida
Piper,De Meis,Female,Healthcare,Extraversion,$50-100k,New York
Glen,Arbor,Female,Technology,Conscientiousness,$250-500k,Florida
Barrett,Wallege,Non-binary,Marketing,Extraversion,$50-100k,Texas
Rickert,Borris,Male,Education,Agreeableness,$250-500k,South Carolina
Sheba,Rosterne,Agender,Technology,Neuroticism,$50-100k,South Carolina
Winny,Shillington,Male,Retail,Neuroticism,>$500k,Louisiana
Montague,Fardy,Male,Marketing,Agreeableness,$50-100k,California
Aurlie,Gresty,Non-binary,Marketing,Neuroticism,<$50k,Texas
Laney,Fishbourn,Male,Education,Extraversion,$100-150k,North Carolina
Briggs,Dack,Male,Government,Neuroticism,$250-500k,Connecticut
Nonie,Lacknor,Female,Entertainment,Agreeableness,$100-150k,California
Wittie,Stihl,Male,Government,Neuroticism,$100-150k,Maryland
Ira,Haddacks,Male,Marketing,Agreeableness,$50-100k,Pennsylvania
Britteny,Mager,Female,Education,Conscientiousness,>$500k,New York
Rochette,Mudie,Genderfluid,Technology,Conscientiousness,$150-250k,Louisiana
Brennan,Wortt,Male,Government,Openness,<$50k,Texas
Vicky,Jarad,Female,Marketing,Conscientiousness,$150-250k,Florida
Vasily,Raper,Male,Entertainment,Openness,<$50k,Tennessee
Cleve,Massinger,Male,Technology,Conscientiousness,>$500k,North Carolina
Libbey,Heinke,Female,Hospitality,Extraversion,$100-150k,California
Dasha,Ankers,Female,Education,Extraversion,$250-500k,California
Celestyna,Bargh,Female,Finance,Neuroticism,>$500k,North Carolina
Marylinda,Lightowlers,Female,Marketing,Openness,<$50k,West Virginia
Calida,Twigley,Female,Marketing,Conscientiousness,$150-250k,West Virginia
Paxon,Seamans,Male,Government,Openness,<$50k,Missouri
Jennie,Lichfield,Female,Entertainment,Extraversion,$150-250k,Georgia
Giustina,Bannon,Female,Marketing,Neuroticism,$100-150k,California
Starlin,Reckus,Female,Healthcare,Neuroticism,$150-250k,Connecticut
Ruprecht,Piggott,Male,Education,Agreeableness,$250-500k,Arizona
Clerissa,Quail,Female,Government,Conscientiousness,$50-100k,Texas
Tilly,Rennebeck,Female,Marketing,Openness,$150-250k,Florida
Link,Drever,Male,Education,Extraversion,$50-100k,Pennsylvania
Carlene,Brideaux,Female,Hospitality,Agreeableness,$100-150k,North Carolina
Lina,Pfeiffer,Female,Retail,Conscientiousness,$250-500k,New York
Ted,Purver,Female,Marketing,Extraversion,>$500k,Georgia
Sollie,Bauldrey,Male,Finance,Agreeableness,$150-250k,Maryland
Cobb,Clineck,Male,Finance,Openness,>$500k,Kansas
Harmony,MacAndreis,Female,Finance,Extraversion,$250-500k,Ohio
Christalle,Lidden,Female,Education,Conscientiousness,$250-500k,Virginia
Misha,Charpling,Female,Healthcare,Conscientiousness,$250-500k,Washington
Nona,Muccino,Female,Hospitality,Openness,$250-500k,Pennsylvania
Byrann,Matevosian,Male,Retail,Neuroticism,>$500k,California
Dreddy,Adamov,Female,Education,Conscientiousness,$100-150k,Louisiana
Dalia,Kennsley,Female,Education,Extraversion,>$500k,Virginia
Corbet,Degan,Male,Finance,Extraversion,$250-500k,Maryland
Papageno,Aven,Non-binary,Retail,Extraversion,>$500k,Texas
Gradey,Fumagalli,Male,Finance,Agreeableness,$250-500k,Michigan
Sinclair,Spinola,Male,Entertainment,Conscientiousness,$50-100k,California
Derk,Castell,Male,Healthcare,Agreeableness,$150-250k,Iowa
Ivett,Jahnke,Female,Government,Conscientiousness,$100-150k,Texas
Gaby,Sargeant,Female,Healthcare,Openness,<$50k,Tennessee
Stu,Northall,Male,Government,Neuroticism,$50-100k,Texas
Burlie,Ogglebie,Male,Education,Conscientiousness,>$500k,Florida
Glyn,Krahl,Male,Hospitality,Openness,>$500k,Ohio
Eliza,Teale,Female,Education,Agreeableness,$250-500k,California
Abby,Gerwood,Female,Education,Agreeableness,<$50k,New York
Sander,Elderkin,Male,Healthcare,Conscientiousness,$100-150k,Indiana
Felecia,Salzburg,Female,Marketing,Conscientiousness,$50-100k,Texas
Georgianna,Lippo,Female,Government,Neuroticism,$50-100k,Texas
Catharina,Ballinghall,Female,Technology,Extraversion,>$500k,California
Kipp,Raleston,Male,Marketing,Agreeableness,$150-250k,California
Theda,Cameron,Female,Finance,Extraversion,<$50k,Texas
Neda,Keeling,Female,Retail,Conscientiousness,<$50k,North Carolina
Penny,Gipp,Male,Government,Conscientiousness,$50-100k,Colorado
Kelby,Tacker,Male,Technology,Openness,$50-100k,Florida
Stephanus,Boyall,Male,Marketing,Openness,$250-500k,Arizona
Kristal,Shaw,Female,Marketing,Neuroticism,$150-250k,Texas
Mark,Jonathon,Male,Technology,Extraversion,$150-250k,Connecticut
Teresa,Lamberti,Female,Finance,Agreeableness,$50-100k,Nevada
Rex,Yanukhin,Male,Retail,Neuroticism,$250-500k,Iowa
Andriette,Lemonnier,Female,Technology,Conscientiousness,>$500k,Colorado
Franchot,Rhubottom,Male,Hospitality,Extraversion,>$500k,Florida
Cristal,Donkersley,Non-binary,Government,Extraversion,<$50k,Texas
Murry,Duggary,Male,Retail,Conscientiousness,$150-250k,Washington
Gerik,Spurden,Male,Technology,Neuroticism,<$50k,South Carolina
Weylin,Rogister,Male,Government,Openness,<$50k,Texas
Linn,Skydall,Male,Government,Extraversion,$50-100k,New York
Aryn,Drysdall,Female,Entertainment,Extraversion,>$500k,California
Talyah,Crickmoor,Female,Hospitality,Extraversion,<$50k,South Dakota
Wilek,Janzen,Male,Government,Neuroticism,$250-500k,Illinois
Bill,Orro,Male,Healthcare,Extraversion,$100-150k,Tennessee
Joshua,Klejin,Male,Government,Neuroticism,$150-250k,California
Chet,Kaindl,Male,Retail,Openness,>$500k,Ohio
Lanie,Pepineaux,Female,Hospitality,Agreeableness,$250-500k,Minnesota
Friedrick,Evett,Polygender,Hospitality,Extraversion,$50-100k,Missouri
Ondrea,Rois,Female,Retail,Neuroticism,$150-250k,California
Adolpho,Yukhnini,Male,Healthcare,Extraversion,$100-150k,California
Beatrix,Balch,Female,Marketing,Openness,$250-500k,District of Columbia
Cross,Search,Agender,Finance,Openness,<$50k,South Carolina
Gilburt,De Freyne,Male,Technology,Conscientiousness,<$50k,Missouri
Yul,Hugnin,Male,Marketing,Neuroticism,$100-150k,New Mexico
Rica,Farres,Genderqueer,Entertainment,Agreeableness,<$50k,California
Gideon,Clitheroe,Male,Finance,Openness,$50-100k,Florida
Marybeth,Ciabatteri,Female,Marketing,Agreeableness,>$500k,District of Columbia
Zara,Mozzini,Female,Government,Openness,<$50k,District of Columbia
Grace,Robak,Male,Marketing,Conscientiousness,$250-500k,Texas
Al,MacCrosson,Male,Retail,Openness,$250-500k,Illinois
Gregor,Janda,Male,Healthcare,Conscientiousness,$50-100k,Maryland
Harland,Brundill,Male,Education,Openness,$150-250k,Texas
Hewe,Abethell,Male,Finance,Neuroticism,$250-500k,Minnesota
Darsey,Castanho,Female,Government,Agreeableness,$100-150k,North Carolina
Deloria,Couvert,Female,Hospitality,Conscientiousness,$50-100k,Ohio
Federico,Brookbank,Polygender,Retail,Conscientiousness,>$500k,New Jersey
Torey,Maddicks,Female,Marketing,Openness,<$50k,Arizona
Germain,Shallow,Female,Marketing,Extraversion,$250-500k,California
Aldridge,Allerton,Male,Government,Neuroticism,$100-150k,Texas
Carling,Frowd,Male,Technology,Conscientiousness,>$500k,Florida
Catlaina,Stoffel,Female,Marketing,Openness,<$50k,Texas
Suzanna,Maunsell,Genderqueer,Marketing,Extraversion,$250-500k,New Jersey
Powell,Worters,Male,Healthcare,Neuroticism,$250-500k,Indiana
Mozes,Wisam,Male,Hospitality,Openness,$250-500k,District of Columbia
Stormie,Tire,Female,Technology,Neuroticism,<$50k,Connecticut
Portia,Flint,Female,Finance,Extraversion,$150-250k,New York
Perry,Sinncock,Male,Retail,Conscientiousness,$50-100k,Kansas
Seka,Sabbin,Female,Government,Openness,$50-100k,Virginia
Kinna,Hourstan,Female,Healthcare,Neuroticism,$50-100k,Texas
Laura,Lamar,Female,Healthcare,Neuroticism,$50-100k,West Virginia
Astrid,Cridlan,Female,Education,Neuroticism,<$50k,District of Columbia
Bartel,Christene,Male,Hospitality,Conscientiousness,<$50k,Utah
Laina,Summerbell,Female,Education,Agreeableness,$150-250k,Florida
Gusty,Tyndall,Female,Finance,Neuroticism,<$50k,Nevada
Carlo,Sterre,Male,Healthcare,Openness,<$50k,Florida
Yuma,Placide,Male,Technology,Openness,<$50k,Texas
Arleyne,Dominici,Female,Marketing,Agreeableness,$100-150k,Texas
Wally,Jeafferson,Male,Healthcare,Neuroticism,$50-100k,Pennsylvania
Verine,Ablitt,Female,Entertainment,Openness,$150-250k,California
Merwyn,Burhill,Male,Retail,Conscientiousness,$250-500k,Arizona
Virgie,Phare,Female,Hospitality,Agreeableness,$100-150k,Texas
Edita,Posnett,Female,Finance,Extraversion,$100-150k,Arizona
Wilden,Forryan,Male,Healthcare,Openness,<$50k,Maryland
Allie,Gaggen,Male,Education,Neuroticism,$150-250k,Washington
Akim,Tomczynski,Male,Healthcare,Agreeableness,$150-250k,Montana
Trefor,Lisle,Agender,Hospitality,Openness,$250-500k,Louisiana
Johannah,Syddon,Female,Education,Agreeableness,$150-250k,California
Worden,Baden,Male,Education,Conscientiousness,$50-100k,New York
Rube,Nani,Male,Entertainment,Neuroticism,$250-500k,Indiana
Read,Duferie,Male,Hospitality,Extraversion,$150-250k,South Dakota
Nikkie,Whitsey,Female,Education,Openness,$50-100k,Idaho
Gerick,Greydon,Genderqueer,Technology,Extraversion,$250-500k,Florida
Gerrilee,Marchetti,Female,Hospitality,Neuroticism,$250-500k,Illinois
Shalna,Westmacott,Female,Retail,Agreeableness,$50-100k,Washington
Elsie,Cooch,Genderfluid,Education,Openness,$50-100k,New York
Nefen,Stenett,Male,Hospitality,Openness,$150-250k,Colorado
Kym,Spriggin,Female,Hospitality,Conscientiousness,<$50k,California
Valaree,Sayles,Female,Retail,Extraversion,$250-500k,Missouri
Perle,Delacour,Female,Hospitality,Neuroticism,$100-150k,Michigan
Scot,Goldsberry,Male,Technology,Openness,<$50k,Virginia
May,Manger,Female,Education,Extraversion,$50-100k,New York
Orelle,Poutress,Female,Hospitality,Conscientiousness,$150-250k,Michigan
Hillyer,Upjohn,Male,Education,Extraversion,>$500k,Florida
Oberon,Garroch,Male,Hospitality,Neuroticism,$150-250k,Texas
Vevay,Bosson,Female,Hospitality,Conscientiousness,$100-150k,New Mexico
Jeramey,Hambatch,Male,Healthcare,Conscientiousness,<$50k,Ohio
Jerald,Sember,Male,Healthcare,Agreeableness,$50-100k,South Carolina
Artur,Juris,Male,Marketing,Agreeableness,$50-100k,Pennsylvania
Breena,Arnfield,Non-binary,Marketing,Openness,$50-100k,California
Artie,Kneaphsey,Male,Finance,Agreeableness,>$500k,Michigan
Clemens,Fenwick,Male,Entertainment,Conscientiousness,>$500k,Texas
Lynna,Colum,Female,Education,Agreeableness,$100-150k,Colorado
Britta,Sawell,Female,Healthcare,Extraversion,$100-150k,Illinois
Tedi,Pedron,Female,Finance,Neuroticism,$250-500k,South Carolina
Shae,Grolmann,Polygender,Government,Conscientiousness,<$50k,Virginia
Breena,Dimont,Female,Retail,Conscientiousness,$100-150k,Texas
Selig,Hitscher,Male,Healthcare,Agreeableness,$100-150k,Texas
Leshia,McKleod,Female,Entertainment,Openness,>$500k,West Virginia
Saidee,Woodison,Female,Education,Neuroticism,$100-150k,Florida
Loretta,Ilson,Female,Marketing,Conscientiousness,$50-100k,Arizona
Leigh,Brandle,Bigender,Hospitality,Extraversion,$150-250k,Florida
Renae,Abbie,Female,Healthcare,Openness,$50-100k,South Carolina
Katheryn,Blethin,Female,Technology,Extraversion,$50-100k,Texas
Saree,Hillock,Female,Marketing,Openness,>$500k,Florida
Elizabeth,Minillo,Female,Entertainment,Openness,<$50k,Florida
Conn,Sworne,Bigender,Technology,Conscientiousness,$250-500k,Alabama
Candi,Rasmus,Female,Hospitality,Openness,$100-150k,Minnesota
Brandie,Elven,Female,Government,Agreeableness,$100-150k,Alaska
Selinda,Dishmon,Female,Hospitality,Neuroticism,$250-500k,Washington
Stesha,Wolseley,Female,Finance,Openness,$50-100k,Texas
Alberto,Pettican,Male,Healthcare,Conscientiousness,<$50k,Utah
Shaina,Cowan,Female,Marketing,Openness,$150-250k,Iowa
Hillary,Maxfield,Male,Education,Neuroticism,<$50k,Alabama
Wood,McGhee,Male,Healthcare,Agreeableness,$50-100k,Wyoming
Hedda,Satch,Female,Education,Agreeableness,$150-250k,Oregon
Malchy,Dennant,Male,Retail,Extraversion,$50-100k,Texas
Ruperto,Shannon,Male,Hospitality,Extraversion,$100-150k,Virginia
Debora,Cressy,Female,Retail,Agreeableness,$100-150k,Louisiana
Fredelia,McGinnell,Female,Healthcare,Conscientiousness,>$500k,Texas
Katherine,Lievesley,Female,Healthcare,Conscientiousness,$100-150k,California
Frederigo,Busek,Male,Healthcare,Conscientiousness,$50-100k,Nevada
May,Dobby,Female,Government,Conscientiousness,$250-500k,Utah
Cherye,Newhouse,Female,Retail,Extraversion,$250-500k,Florida
Turner,Spinella,Male,Education,Neuroticism,$150-250k,Louisiana
Victoria,Roylance,Female,Technology,Conscientiousness,>$500k,California
Constantia,Troyes,Female,Hospitality,Conscientiousness,$250-500k,District of Columbia
Linoel,Albinson,Male,Healthcare,Conscientiousness,$250-500k,Delaware
Zachariah,Scammonden,Male,Retail,Openness,<$50k,Indiana
Myrna,Lowfill,Female,Technology,Conscientiousness,$250-500k,Maryland
Maximilian,Scrivener,Male,Marketing,Neuroticism,$250-500k,Florida
Natty,Mcall,Male,Retail,Openness,<$50k,Missouri
Ira,Lansdale,Male,Retail,Openness,$150-250k,Texas
Marlin,Denekamp,Male,Marketing,Conscientiousness,$50-100k,Ohio
Catriona,Goulstone,Female,Marketing,Conscientiousness,$250-500k,Maryland
Cirilo,Gostling,Male,Retail,Extraversion,>$500k,Iowa
Sheffy,Scogings,Non-binary,Healthcare,Agreeableness,>$500k,Hawaii
Rolfe,Tison,Male,Technology,Agreeableness,<$50k,Texas
Corry,Veldman,Agender,Marketing,Conscientiousness,>$500k,California
Ravid,Piddletown,Non-binary,Marketing,Neuroticism,<$50k,Florida
Wilhelm,Vautrey,Male,Retail,Openness,$250-500k,New York
Moyna,Lathee,Female,Technology,Conscientiousness,$150-250k,Ohio
Haywood,Enderby,Male,Retail,Neuroticism,<$50k,North Carolina
Charleen,Tourne,Female,Healthcare,Openness,$50-100k,Arkansas
Lucais,Renols,Male,Technology,Extraversion,$100-150k,New Jersey
Amandy,Croote,Female,Entertainment,Conscientiousness,>$500k,Alabama
Nance,Carrett,Female,Retail,Agreeableness,$150-250k,Texas
Jaymie,Reymers,Male,Healthcare,Extraversion,$250-500k,Texas
Morton,Donke,Male,Entertainment,Neuroticism,$150-250k,North Carolina
Alexandros,Fielden,Male,Retail,Neuroticism,$250-500k,North Carolina
Puff,Beauchop,Male,Marketing,Neuroticism,$100-150k,District of Columbia
Weidar,Musgrave,Male,Healthcare,Openness,$250-500k,Arkansas
Rhodie,Risby,Female,Technology,Conscientiousness,$150-250k,Texas
Torrie,Brunsden,Female,Technology,Conscientiousness,$250-500k,West Virginia
Faunie,Woolliams,Female,Healthcare,Openness,$150-250k,Florida
Orly,Powe,Female,Retail,Extraversion,$50-100k,Iowa
Sallyann,Hitschke,Female,Entertainment,Openness,$100-150k,Nebraska
Norina,Tivers,Female,Education,Extraversion,$100-150k,New York
Trisha,Cliss,Female,Entertainment,Agreeableness,$100-150k,Indiana
Bobbie,Yetts,Female,Entertainment,Agreeableness,$100-150k,New York
Kristopher,de Courcey,Male,Finance,Conscientiousness,$250-500k,Georgia
Tarah,Kiessel,Female,Marketing,Conscientiousness,$250-500k,Pennsylvania
Josephina,Bohike,Female,Retail,Extraversion,>$500k,Colorado
Felicio,Hick,Male,Technology,Openness,<$50k,New Mexico
Hali,Keys,Female,Education,Extraversion,<$50k,Colorado
Reynold,Salisbury,Male,Hospitality,Extraversion,$150-250k,Washington
Janette,Wharfe,Female,Healthcare,Openness,>$500k,New York
Genevieve,Wookey,Female,Entertainment,Agreeableness,$150-250k,Arkansas
Gifford,Levay,Male,Entertainment,Openness,$250-500k,Indiana
Rachel,Krystof,Female,Retail,Openness,$250-500k,Florida
Maud,Favel,Female,Retail,Conscientiousness,$100-150k,California
Mauricio,Bromidge,Male,Healthcare,Agreeableness,$250-500k,Massachusetts
Cristobal,Rubery,Male,Retail,Conscientiousness,$100-150k,California
Emmott,Corrington,Genderqueer,Marketing,Extraversion,$150-250k,Florida
Eda,Vedikhov,Female,Education,Agreeableness,$50-100k,Louisiana
Hadleigh,Khomishin,Male,Entertainment,Extraversion,$100-150k,California
Latia,Quaife,Female,Government,Neuroticism,$50-100k,Colorado
Dorice,Boerder,Female,Entertainment,Conscientiousness,$50-100k,Mississippi
Rivi,Lilley,Agender,Education,Conscientiousness,$150-250k,District of Columbia
Joane,Dessaur,Female,Finance,Extraversion,$50-100k,California
Bellina,Scottini,Female,Education,Openness,$250-500k,District of Columbia
Tildy,Dayes,Female,Retail,Extraversion,<$50k,Oregon
Blane,Ohm,Male,Technology,Agreeableness,<$50k,California
Harley,Apfler,Female,Government,Openness,>$500k,Virginia
Cynthie,Sancraft,Female,Marketing,Extraversion,<$50k,North Carolina
Karel,Gavigan,Female,Marketing,Conscientiousness,$100-150k,Texas
Any,Yakushkev,Male,Technology,Neuroticism,$250-500k,Florida
Tremain,Alcalde,Genderfluid,Technology,Agreeableness,$250-500k,California
Lilly,Scardafield,Female,Government,Neuroticism,$150-250k,Missouri
Alvis,McAllen,Male,Retail,Conscientiousness,$50-100k,Iowa
Wilek,Hansell,Agender,Marketing,Conscientiousness,$50-100k,Michigan
Sibyl,Learman,Genderqueer,Government,Agreeableness,$150-250k,Minnesota
Lucas,MacGettigen,Male,Hospitality,Conscientiousness,$100-150k,Texas
Harland,Baguley,Male,Marketing,Extraversion,>$500k,Texas
Camella,Abden,Female,Technology,Conscientiousness,$250-500k,New Jersey
Cordy,Antoszewski,Female,Technology,Agreeableness,$150-250k,Pennsylvania
Laurel,Blincko,Bigender,Hospitality,Agreeableness,$250-500k,Missouri
Liz,Guinnane,Female,Government,Openness,<$50k,Minnesota
Mathew,Sjollema,Male,Technology,Neuroticism,$50-100k,New York
Madelon,Brame,Bigender,Entertainment,Openness,>$500k,Idaho
Brok,Selwood,Male,Marketing,Extraversion,$150-250k,Wisconsin
Zorina,Jaray,Female,Healthcare,Neuroticism,$100-150k,Minnesota
Bethina,Connew,Female,Technology,Agreeableness,$150-250k,Louisiana
Zena,Bytheway,Female,Retail,Extraversion,$150-250k,Texas
Noam,Zelner,Male,Education,Openness,$100-150k,Ohio
Carrie,Llorens,Female,Education,Openness,$250-500k,North Carolina
Lyman,Rispin,Male,Marketing,Neuroticism,$100-150k,North Carolina
Caria,Dincey,Female,Hospitality,Openness,<$50k,North Dakota
Neal,Di Maggio,Male,Technology,Agreeableness,$100-150k,New York
Laryssa,Ferronier,Female,Finance,Agreeableness,$100-150k,California
Karilynn,Cutress,Female,Hospitality,Conscientiousness,$250-500k,District of Columbia
Christan,Savery,Female,Hospitality,Neuroticism,$50-100k,New York
Mile,Holbarrow,Male,Healthcare,Neuroticism,$50-100k,Pennsylvania
Eamon,Legate,Male,Retail,Conscientiousness,$100-150k,Nebraska
Cordelia,Hudleston,Female,Education,Neuroticism,$50-100k,Pennsylvania
Kaela,Hotson,Female,Entertainment,Neuroticism,$150-250k,Nevada
Lesley,McIlhagga,Male,Marketing,Extraversion,$50-100k,Pennsylvania
Bertrando,Filson,Male,Healthcare,Agreeableness,$100-150k,Alabama
Bridget,Kliment,Female,Technology,Agreeableness,$250-500k,Pennsylvania
Dasha,Rudiger,Female,Government,Openness,$50-100k,Maryland
Broddy,Ricketts,Male,Technology,Agreeableness,>$500k,Texas
Clea,Toffanini,Female,Hospitality,Neuroticism,$250-500k,District of Columbia
Vittorio,Cory,Male,Entertainment,Openness,$250-500k,Florida
Benetta,Romayne,Female,Marketing,Openness,$250-500k,Massachusetts
Henri,Fancutt,Male,Entertainment,Agreeableness,>$500k,Louisiana
Jodi,Mcsarry,Male,Healthcare,Openness,$150-250k,Arizona
Nester,Fere,Male,Government,Neuroticism,$50-100k,Arizona
Estelle,Carlyle,Female,Healthcare,Conscientiousness,$50-100k,Ohio
Storm,Brent,Female,Finance,Neuroticism,$150-250k,Michigan
Preston,Germain,Male,Healthcare,Openness,$150-250k,Texas
Elwyn,Merrydew,Male,Government,Neuroticism,$150-250k,New York
Melitta,Hatt,Female,Healthcare,Agreeableness,$100-150k,Texas
Shannon,Brobeck,Female,Healthcare,Extraversion,>$500k,New York
Aida,Isaksson,Female,Marketing,Agreeableness,$250-500k,Virginia
Lesley,Rabl,Male,Entertainment,Openness,$150-250k,Michigan
Faith,Brandino,Genderfluid,Healthcare,Openness,<$50k,Indiana
Clem,Cocker,Male,Marketing,Neuroticism,$250-500k,Georgia
Emeline,Mapholm,Female,Finance,Extraversion,<$50k,Texas
Catharina,Gillhespy,Female,Retail,Openness,<$50k,Kansas
Jabez,Larret,Male,Government,Extraversion,$250-500k,Florida
Nickey,Relf,Male,Technology,Conscientiousness,$250-500k,Texas
Pier,Matteacci,Female,Finance,Conscientiousness,$50-100k,North Carolina
Kary,Fairbrother,Female,Healthcare,Extraversion,<$50k,Georgia
Gates,Tibbles,Female,Healthcare,Neuroticism,$50-100k,California
Casey,Liggens,Male,Healthcare,Conscientiousness,$150-250k,Kansas
Austen,Edgerton,Male,Hospitality,Neuroticism,$100-150k,Virginia
Riki,Tatam,Female,Retail,Conscientiousness,<$50k,Oklahoma
Ron,Tripett,Male,Technology,Conscientiousness,$100-150k,Michigan
Leon,Waite,Male,Finance,Conscientiousness,$150-250k,Arizona
Moise,Madders,Male,Education,Extraversion,$250-500k,Indiana
Layne,Message,Female,Education,Neuroticism,<$50k,Missouri
Nert,Brito,Female,Technology,Extraversion,$150-250k,Pennsylvania
Spike,Latey,Male,Entertainment,Agreeableness,$250-500k,New York
Reed,Doe,Male,Entertainment,Openness,$150-250k,California
Reinold,Mounch,Male,Healthcare,Openness,<$50k,Texas
Brooke,Brock,Male,Retail,Conscientiousness,$100-150k,Utah
Cob,Schellig,Male,Retail,Conscientiousness,$100-150k,California
Bryn,Giles,Male,Retail,Agreeableness,$150-250k,Indiana
Roy,Paradise,Male,Marketing,Agreeableness,>$500k,West Virginia
Cornie,Jobes,Female,Education,Neuroticism,$100-150k,Kentucky
Parker,Jorin,Male,Finance,Extraversion,$50-100k,Florida
Mariana,Robertelli,Female,Technology,Neuroticism,<$50k,South Carolina
Wandis,Beckitt,Female,Government,Conscientiousness,>$500k,Florida
Ransom,Gillian,Male,Technology,Conscientiousness,>$500k,Michigan
Guilbert,Gerlts,Male,Healthcare,Neuroticism,$250-500k,Florida
Englebert,Greste,Male,Education,Neuroticism,$50-100k,Maryland
Dom,Dayly,Male,Healthcare,Openness,<$50k,Louisiana
Oralie,Duran,Female,Hospitality,Extraversion,$100-150k,Virginia
Reinaldo,Kinmond,Male,Government,Neuroticism,$50-100k,Illinois
Renard,Coggles,Male,Healthcare,Neuroticism,$50-100k,Virginia
Zacherie,Doorbar,Male,Technology,Agreeableness,$250-500k,Colorado
Pier,Trencher,Female,Technology,Neuroticism,$250-500k,Florida
Batsheva,Troy,Female,Entertainment,Extraversion,$150-250k,Nevada
Scarlet,Kermath,Female,Education,Extraversion,$100-150k,California
Yvor,Andrejevic,Male,Healthcare,Extraversion,$100-150k,Georgia
Elga,Idale,Female,Marketing,Openness,$50-100k,Kansas
Celina,Arpin,Female,Finance,Conscientiousness,$150-250k,Pennsylvania
Daria,Evanson,Female,Retail,Openness,$50-100k,Florida
Susy,Swine,Female,Retail,Neuroticism,<$50k,Ohio
Dode,Rozzier,Agender,Entertainment,Extraversion,>$500k,Kentucky
Tymothy,Pickervance,Male,Technology,Conscientiousness,$100-150k,Texas
Ray,Killingbeck,Male,Healthcare,Openness,$50-100k,Maryland
Coleman,Durnan,Male,Government,Neuroticism,>$500k,Maryland
Reece,Maylam,Male,Government,Conscientiousness,$250-500k,California
Babette,MacKeig,Female,Hospitality,Neuroticism,$150-250k,Virginia
Joceline,Mc Kellen,Female,Technology,Neuroticism,>$500k,Florida
Casper,Kliche,Male,Retail,Openness,<$50k,Indiana
Rori,Haydney,Female,Healthcare,Extraversion,>$500k,Texas
Taite,Norrington,Male,Government,Openness,<$50k,Massachusetts
Galvin,Gammidge,Male,Technology,Extraversion,$150-250k,Kentucky
Merry,Pomfret,Male,Hospitality,Openness,$150-250k,Texas
Jamal,Maciejak,Male,Healthcare,Neuroticism,$150-250k,Illinois
Florian,Surplice,Male,Education,Neuroticism,$150-250k,California
Byron,Shorter,Male,Retail,Openness,$150-250k,Iowa
Robbie,Ranyard,Female,Government,Neuroticism,<$50k,Indiana
Shaina,Belden,Female,Retail,Extraversion,$100-150k,Ohio
Thedric,Bellinger,Male,Technology,Extraversion,>$500k,California
Giustina,Hillam,Female,Retail,Extraversion,<$50k,Ohio
Caterina,Lorkings,Female,Finance,Extraversion,>$500k,Virginia
Ricardo,Kief,Bigender,Marketing,Agreeableness,$150-250k,Florida
Esther,Sandars,Female,Hospitality,Agreeableness,>$500k,New York
Redd,Sodeau,Male,Technology,Extraversion,$150-250k,Utah
Ambrosius,Kirman,Non-binary,Education,Extraversion,<$50k,Hawaii
Bobbi,Birdwistle,Female,Finance,Extraversion,$250-500k,California
Leanora,Waliszek,Genderqueer,Entertainment,Openness,>$500k,California
Odelia,Keeffe,Female,Education,Conscientiousness,$100-150k,Alaska
Broderic,Iggalden,Male,Healthcare,Agreeableness,<$50k,Washington
Karoline,Saben,Female,Finance,Conscientiousness,$50-100k,District of Columbia
Amery,Kasher,Male,Entertainment,Neuroticism,$100-150k,Virginia
Renell,Mulleary,Female,Finance,Agreeableness,>$500k,Texas
Etan,Troy,Male,Entertainment,Neuroticism,$150-250k,Missouri
Ramona,Ranahan,Female,Entertainment,Openness,>$500k,New York
Kelly,Keunemann,Female,Government,Openness,>$500k,California
Pauly,Calderon,Female,Marketing,Neuroticism,$50-100k,Connecticut
Manon,Filpo,Female,Government,Openness,$100-150k,Texas
Roy,Tows,Male,Education,Openness,$50-100k,North Carolina
Cob,McKevitt,Male,Government,Agreeableness,$250-500k,Ohio
Shannon,Baybutt,Female,Retail,Neuroticism,$250-500k,Florida
Bobbi,Orleton,Female,Hospitality,Neuroticism,>$500k,New Jersey
Minne,Ragsdall,Female,Government,Openness,$250-500k,District of Columbia
Colet,Thurnham,Male,Technology,Conscientiousness,>$500k,Ohio
Gracia,Telega,Female,Entertainment,Conscientiousness,$150-250k,Maryland
Ad,Mewett,Male,Entertainment,Neuroticism,$50-100k,Colorado
Kelsey,Faulkener,Female,Finance,Conscientiousness,$150-250k,Pennsylvania
Susanna,Jillis,Female,Retail,Extraversion,$150-250k,Texas
Joye,Hindshaw,Female,Healthcare,Extraversion,$150-250k,Arizona
Gisella,Spiller,Female,Technology,Extraversion,$100-150k,Connecticut
Leanora,MacCambridge,Female,Government,Neuroticism,$150-250k,Mississippi
Rae,Luthwood,Female,Healthcare,Conscientiousness,$250-500k,Maryland
Berton,Dulake,Male,Entertainment,Openness,$50-100k,Arizona
Giustino,Corday,Male,Hospitality,Agreeableness,$250-500k,West Virginia
Ariel,Bhar,Female,Finance,Neuroticism,$150-250k,Arizona
Leon,Keaveney,Male,Technology,Conscientiousness,$50-100k,District of Columbia
Kelwin,Whawell,Male,Government,Extraversion,$250-500k,Texas
Conant,Osgar,Male,Education,Neuroticism,$250-500k,New York
Dawna,McIlwraith,Female,Technology,Agreeableness,$50-100k,District of Columbia
Alanson,Swate,Male,Healthcare,Neuroticism,$250-500k,Oregon
Fiann,Sweeting,Female,Entertainment,Extraversion,<$50k,District of Columbia
Jarrett,McGreary,Male,Education,Conscientiousness,$150-250k,District of Columbia
Joline,Trendle,Female,Education,Neuroticism,$50-100k,Georgia
Glynn,Gurnee,Polygender,Government,Conscientiousness,$100-150k,Minnesota
Pietro,Hartridge,Male,Healthcare,Conscientiousness,>$500k,Texas
Brod,Cotterill,Male,Government,Extraversion,$150-250k,Pennsylvania
Nickolai,Spurgeon,Male,Hospitality,Conscientiousness,$250-500k,New Mexico
Penrod,Rampley,Polygender,Marketing,Extraversion,$250-500k,California
Timofei,Andryushin,Male,Hospitality,Neuroticism,$250-500k,Texas
Carolee,Dykins,Female,Marketing,Neuroticism,$250-500k,Texas
Alair,Normanvill,Male,Hospitality,Extraversion,$250-500k,Minnesota
Daron,Vasler,Male,Marketing,Neuroticism,<$50k,Ohio
Leighton,MacDearmid,Male,Hospitality,Conscientiousness,$150-250k,Illinois
Clarette,Woliter,Female,Marketing,Agreeableness,>$500k,Alabama
Daryle,Butte,Male,Government,Neuroticism,$100-150k,California
Konstanze,Fick,Female,Education,Agreeableness,$250-500k,Colorado
Michaelina,Carbin,Female,Government,Conscientiousness,$250-500k,Indiana
Gregor,O'Connolly,Male,Healthcare,Neuroticism,$250-500k,Texas
Roseline,Moxom,Female,Hospitality,Openness,$100-150k,Texas
Guido,Flaherty,Male,Finance,Neuroticism,$250-500k,Colorado
Felicle,Pimlett,Female,Retail,Agreeableness,$50-100k,Texas
Chase,McCritchie,Male,Finance,Conscientiousness,$100-150k,North Carolina
Jerrylee,Jocelyn,Female,Entertainment,Extraversion,$50-100k,Florida
Charlotta,Hallin,Female,Healthcare,Openness,<$50k,District of Columbia
Sam,Coules,Polygender,Entertainment,Agreeableness,$250-500k,Virginia
Damara,Dionsetti,Female,Entertainment,Conscientiousness,$50-100k,Alabama
Emmye,Purshouse,Female,Technology,Neuroticism,$100-150k,Massachusetts
Seth,Ferson,Male,Finance,Neuroticism,$250-500k,Alabama
Donielle,Vassbender,Female,Education,Neuroticism,$150-250k,Minnesota
Reena,Chatenet,Female,Marketing,Conscientiousness,$150-250k,Georgia
Greer,Croke,Female,Finance,Agreeableness,>$500k,Virginia
Jewel,Adiscot,Female,Education,Openness,$150-250k,Illinois
Kristos,Stockall,Male,Technology,Conscientiousness,$50-100k,Florida
Malchy,Eldredge,Polygender,Hospitality,Neuroticism,<$50k,West Virginia
Meggy,Fritzer,Female,Retail,Conscientiousness,>$500k,Pennsylvania
Erina,Ucchino,Female,Technology,Agreeableness,$250-500k,Colorado
Tess,Crowley,Female,Entertainment,Neuroticism,>$500k,Mississippi
Jo-anne,Kiloh,Female,Hospitality,Extraversion,$50-100k,Massachusetts
Sylas,Ridett,Male,Technology,Neuroticism,<$50k,North Carolina
Tripp,Ginie,Male,Marketing,Neuroticism,>$500k,District of Columbia
Marina,Gimlet,Female,Hospitality,Conscientiousness,$50-100k,Oklahoma
Bunny,Bumpas,Female,Education,Extraversion,$50-100k,California
Otes,Taborre,Male,Education,Agreeableness,<$50k,Nevada
Aldridge,Brosh,Male,Entertainment,Extraversion,>$500k,New York
Wilton,Joynson,Male,Retail,Extraversion,$100-150k,New York
Salomo,Sherreard,Male,Technology,Extraversion,<$50k,Florida
Abie,McKmurrie,Male,Entertainment,Agreeableness,$50-100k,Hawaii
Javier,Dowsing,Male,Healthcare,Conscientiousness,$50-100k,Georgia
Yuma,Halvorsen,Male,Healthcare,Extraversion,$250-500k,California
Natalina,Stallworth,Female,Government,Extraversion,$50-100k,Nevada
Romain,Boobyer,Male,Government,Openness,$50-100k,New York
Lisbeth,Oddey,Female,Technology,Neuroticism,$150-250k,Tennessee
Kaylee,Tommasuzzi,Female,Retail,Agreeableness,$50-100k,Florida
Matteo,Stagg,Male,Hospitality,Extraversion,>$500k,Maryland
Calida,Mulqueeny,Female,Government,Openness,>$500k,Missouri
Winston,Maven,Male,Healthcare,Agreeableness,$150-250k,Texas
Jonathon,Riall,Male,Entertainment,Agreeableness,$100-150k,Ohio
Eugenie,Canfield,Female,Hospitality,Neuroticism,$100-150k,Indiana
Cyndy,Preene,Female,Marketing,Openness,$50-100k,Florida
Barbee,Biddlestone,Female,Finance,Openness,<$50k,South Dakota
Paul,Floch,Male,Finance,Openness,>$500k,Ohio
Edee,Hamley,Female,Entertainment,Conscientiousness,>$500k,New Mexico
Vin,McPhelimy,Male,Finance,Openness,<$50k,Texas
Hubert,Rolland,Male,Retail,Openness,>$500k,Arizona
Elvira,Gaitone,Female,Healthcare,Agreeableness,$100-150k,Kansas
Oswell,McGirr,Male,Technology,Agreeableness,$50-100k,Kentucky
Latashia,Matzaitis,Female,Hospitality,Agreeableness,>$500k,Virginia
Melany,Pulley,Female,Healthcare,Neuroticism,<$50k,District of Columbia
Clayborn,Stockow,Male,Finance,Openness,$50-100k,Texas
Tricia,Ambroix,Female,Government,Extraversion,<$50k,Oklahoma
Shandy,Matejka,Female,Marketing,Agreeableness,$100-150k,Utah
John,O' Gara,Male,Entertainment,Neuroticism,$250-500k,Georgia
Jamesy,Findlow,Male,Finance,Neuroticism,$150-250k,North Carolina
Garrick,Schultheiss,Male,Technology,Extraversion,$50-100k,Arkansas
Natale,Hemphall,Male,Education,Extraversion,>$500k,California
Maje,Charer,Male,Government,Extraversion,$50-100k,Ohio
Tootsie,Younge,Female,Technology,Extraversion,>$500k,Georgia
Julie,Wych,Male,Finance,Conscientiousness,$50-100k,North Carolina
Granger,Welband,Male,Education,Agreeableness,$50-100k,Tennessee
Chrissy,Dodell,Male,Healthcare,Agreeableness,<$50k,Ohio
Boniface,Sugden,Male,Education,Agreeableness,$100-150k,California
Sol,Cockle,Male,Retail,Neuroticism,<$50k,Connecticut
Juliann,Tather,Female,Retail,Agreeableness,$100-150k,Missouri
Jeromy,Nobriga,Male,Technology,Extraversion,$100-150k,California
Martin,Corby,Male,Education,Agreeableness,$250-500k,Arizona
Oralle,Caney,Female,Entertainment,Openness,$150-250k,West Virginia
Aileen,Oganesian,Agender,Government,Openness,$100-150k,Massachusetts
Osbourne,Santello,Male,Education,Openness,<$50k,Florida
Towny,Snewin,Male,Government,Conscientiousness,$150-250k,Ohio
Betta,Verna,Female,Retail,Openness,<$50k,Illinois
Pyotr,Prime,Male,Government,Agreeableness,<$50k,Arizona
Debera,Sherrett,Female,Education,Openness,<$50k,Michigan
Pansie,Adrian,Female,Hospitality,Openness,$250-500k,Ohio
Roseanna,Splaven,Female,Technology,Neuroticism,<$50k,Kentucky
Sophia,Bayns,Female,Finance,Conscientiousness,$50-100k,Mississippi
Gianni,Gillice,Agender,Finance,Openness,$100-150k,Utah
Sayer,MacNeish,Male,Healthcare,Conscientiousness,>$500k,New York
Arie,Benck,Agender,Technology,Conscientiousness,>$500k,Washington
Randi,Hagart,Female,Technology,Agreeableness,$250-500k,Florida
Lotti,Brazer,Female,Government,Neuroticism,$100-150k,Missouri
Obie,Cornels,Male,Retail,Openness,<$50k,Florida
Tarrah,Dunkinson,Female,Finance,Openness,$150-250k,California
Dame,Mattityahou,Male,Education,Conscientiousness,<$50k,Alaska
Cleve,Marc,Male,Government,Extraversion,$150-250k,Massachusetts
Dione,Cuerdale,Female,Marketing,Openness,$150-250k,New York
Jarib,Greenaway,Genderfluid,Education,Openness,$100-150k,District of Columbia
Fleming,Petkens,Male,Technology,Neuroticism,<$50k,Louisiana
Giovanni,Brendish,Male,Healthcare,Openness,>$500k,Alabama
Wilhelmina,Mort,Female,Government,Neuroticism,$50-100k,Texas
Shep,Primo,Genderfluid,Entertainment,Extraversion,<$50k,North Carolina
Sally,Hriinchenko,Female,Hospitality,Neuroticism,$150-250k,Nevada
Stearne,Mc Curlye,Male,Healthcare,Extraversion,$250-500k,Nevada
Ramon,Alcide,Male,Healthcare,Neuroticism,>$500k,Florida
Clareta,Pochin,Polygender,Retail,Agreeableness,$250-500k,District of Columbia
Bernadene,Thorby,Female,Finance,Openness,>$500k,California
Rafael,Goldes,Male,Government,Conscientiousness,$100-150k,Illinois
Orsa,Hampshaw,Female,Entertainment,Openness,$150-250k,Washington
Tammie,Juliff,Male,Government,Neuroticism,<$50k,Texas
Vidovik,MacKegg,Male,Marketing,Openness,<$50k,California
Ambrosius,Lerohan,Male,Marketing,Neuroticism,$250-500k,Missouri
Hobard,Bostock,Male,Technology,Agreeableness,$50-100k,Oregon
Alison,Kleisel,Female,Healthcare,Agreeableness,$100-150k,Tennessee
Frazer,Merigeau,Male,Healthcare,Extraversion,$250-500k,California
Jaimie,Hambribe,Female,Finance,Extraversion,$50-100k,New York
Nani,Hales,Female,Finance,Openness,>$500k,Indiana
Teddy,Flasby,Male,Technology,Extraversion,$250-500k,Illinois
Mikol,Slowgrove,Male,Hospitality,Openness,>$500k,Pennsylvania
Karlis,Cleveland,Male,Technology,Openness,>$500k,Colorado
Calley,Kezourec,Female,Government,Extraversion,$150-250k,Texas
Garrott,Defew,Agender,Healthcare,Conscientiousness,$50-100k,Colorado
Jaime,Metschke,Female,Government,Neuroticism,<$50k,Michigan
Tersina,Hairon,Female,Education,Agreeableness,<$50k,Virginia
Pate,Dorey,Male,Education,Neuroticism,$150-250k,Virginia
Holly-anne,Houdhury,Female,Technology,Agreeableness,>$500k,Minnesota
Buffy,Mannock,Genderqueer,Finance,Conscientiousness,$250-500k,Missouri
Ginni,Buckenhill,Female,Education,Conscientiousness,$100-150k,Virginia
Toinette,Blaxley,Female,Entertainment,Extraversion,<$50k,Texas
Darwin,Nuzzi,Male,Entertainment,Conscientiousness,<$50k,Pennsylvania
Frederigo,Ferrelli,Male,Technology,Neuroticism,<$50k,California
Orland,Tandey,Male,Marketing,Neuroticism,>$500k,Georgia
Reinhold,Yancey,Male,Marketing,Agreeableness,$50-100k,New York
Susi,Gatch,Female,Marketing,Agreeableness,>$500k,Georgia
Fitzgerald,Widdecombe,Male,Retail,Agreeableness,$150-250k,Texas
Vaughan,Vlasov,Male,Hospitality,Agreeableness,$250-500k,Iowa
Teodorico,McDade,Male,Hospitality,Agreeableness,$150-250k,Arizona
Lane,Canlin,Female,Finance,Conscientiousness,>$500k,Oregon
Dayle,Sooper,Female,Finance,Openness,$50-100k,California
Marcos,Capewell,Male,Finance,Openness,$250-500k,Florida
Isaak,Daton,Male,Technology,Extraversion,$150-250k,California
Benjy,Hedney,Male,Hospitality,Conscientiousness,$250-500k,California
Andreas,MacNeish,Male,Entertainment,Openness,$50-100k,Pennsylvania
Marya,Rookwell,Female,Education,Neuroticism,$150-250k,District of Columbia
Kelsi,Corey,Female,Retail,Agreeableness,$250-500k,Virginia
Trip,Messom,Male,Entertainment,Conscientiousness,$100-150k,Texas
Laney,Heaselgrave,Male,Hospitality,Neuroticism,$100-150k,New York
Gabriel,Reekie,Male,Retail,Openness,$150-250k,Florida
Sarge,Board,Male,Technology,Openness,$150-250k,New York
Leighton,Nial,Male,Government,Conscientiousness,$50-100k,Colorado
Ronna,Farryann,Female,Technology,Openness,<$50k,Massachusetts
Tiena,Hoble,Female,Healthcare,Neuroticism,$50-100k,Florida
Neron,Dilland,Male,Government,Extraversion,$150-250k,Missouri
Teador,Hailes,Male,Education,Conscientiousness,$100-150k,Illinois
Nial,Traite,Male,Finance,Extraversion,$250-500k,Ohio
Jefferey,Wilkenson,Male,Finance,Conscientiousness,$100-150k,Texas
Reina,Clinton,Female,Technology,Agreeableness,$250-500k,Texas
Kris,Wixey,Male,Hospitality,Neuroticism,>$500k,Texas
Toiboid,Larham,Male,Finance,Agreeableness,$100-150k,New York
Findlay,Geldeard,Male,Retail,Extraversion,$50-100k,Illinois
Marlo,Mixon,Female,Entertainment,Extraversion,$150-250k,Kentucky
Emlyn,Curston,Male,Healthcare,Extraversion,$50-100k,Indiana
Gizela,Pavic,Genderfluid,Finance,Conscientiousness,$250-500k,Colorado
Ivie,Grishin,Female,Healthcare,Neuroticism,$150-250k,Texas
Marsh,Coupe,Male,Healthcare,Neuroticism,<$50k,District of Columbia
Bunni,Bellson,Female,Government,Agreeableness,$250-500k,California
Donaugh,Hessle,Bigender,Entertainment,Agreeableness,$150-250k,New York
Ciro,Petchell,Bigender,Education,Conscientiousness,<$50k,New Mexico
Binky,McIntee,Genderfluid,Hospitality,Openness,$100-150k,California
Ayn,Pipkin,Female,Hospitality,Extraversion,>$500k,Florida
Edgard,Alban,Male,Retail,Extraversion,$150-250k,Virginia
Burnaby,Hanscombe,Male,Entertainment,Conscientiousness,$150-250k,Florida
Haleigh,Tupp,Female,Healthcare,Agreeableness,>$500k,Illinois
Vladamir,Cavee,Male,Education,Neuroticism,$150-250k,Florida
Helge,Sapshed,Female,Education,Agreeableness,$150-250k,Texas
Gabrielle,Hilhouse,Female,Hospitality,Openness,>$500k,Missouri
Lynn,Mooreed,Male,Marketing,Neuroticism,$150-250k,Minnesota
Claresta,Crumby,Female,Education,Agreeableness,$50-100k,North Carolina
Burtie,Vida,Male,Finance,Agreeableness,>$500k,California
Nolly,McIndrew,Male,Retail,Extraversion,$150-250k,Massachusetts
Wang,Chitson,Male,Hospitality,Extraversion,$50-100k,Colorado
Joye,Bisp,Female,Education,Conscientiousness,$50-100k,Florida
Drugi,Swadlen,Male,Education,Agreeableness,>$500k,District of Columbia
Chic,Triggel,Male,Education,Openness,$250-500k,Indiana
Carmen,Faiers,Bigender,Education,Neuroticism,<$50k,Arizona
Thatch,Pears,Male,Technology,Extraversion,>$500k,New York
Yard,Seegar,Male,Entertainment,Agreeableness,$150-250k,New York
Saba,Blethyn,Female,Hospitality,Openness,$150-250k,District of Columbia
Lindy,Newlin,Female,Technology,Extraversion,$50-100k,Oklahoma
Raychel,Woolfenden,Female,Technology,Agreeableness,$50-100k,California
Alexandr,Van Rembrandt,Male,Marketing,Agreeableness,<$50k,Illinois
Wallache,Maskill,Male,Healthcare,Neuroticism,$100-150k,Iowa
Miltie,Ruggiero,Male,Finance,Agreeableness,>$500k,Massachusetts
Den,Yurukhin,Male,Government,Neuroticism,$100-150k,Michigan
Ado,Dibson,Male,Healthcare,Agreeableness,$100-150k,Virginia
Dulcy,Mardy,Female,Finance,Neuroticism,$100-150k,Florida
Aileen,Epine,Female,Technology,Extraversion,$50-100k,Pennsylvania
Claybourne,Merricks,Male,Technology,Agreeableness,$250-500k,South Carolina
Archy,Tumpane,Male,Entertainment,Openness,$250-500k,Oregon
Corty,Layton,Male,Entertainment,Conscientiousness,>$500k,South Carolina
Darleen,Jolliman,Genderqueer,Government,Openness,$100-150k,Colorado
Humberto,Knock,Male,Hospitality,Agreeableness,<$50k,Connecticut
Sari,Chilley,Bigender,Hospitality,Extraversion,<$50k,California
Chiquita,Boule,Female,Technology,Neuroticism,$50-100k,Pennsylvania
Florian,Lieb,Male,Healthcare,Conscientiousness,>$500k,Ohio
Hermie,O' Ronan,Male,Marketing,Openness,<$50k,Colorado
Buckie,Shurman,Male,Education,Neuroticism,$250-500k,Illinois
Delilah,Josskoviz,Female,Government,Agreeableness,<$50k,Washington
Jere,Kimmings,Male,Healthcare,Openness,$250-500k,California
Glenden,Richichi,Male,Government,Openness,>$500k,Colorado
Janey,Iban,Female,Entertainment,Extraversion,$150-250k,California
Heywood,Aubury,Genderfluid,Technology,Extraversion,$50-100k,Missouri
Trstram,Pouck,Male,Education,Neuroticism,$100-150k,Texas
Kat,MacDonnell,Female,Hospitality,Openness,$100-150k,California
Codie,Vannet,Female,Marketing,Conscientiousness,>$500k,Illinois
Iolanthe,McCracken,Female,Technology,Extraversion,>$500k,Florida
Amalea,Oosthout de Vree,Female,Finance,Extraversion,$50-100k,California
Gilberte,Akester,Female,Healthcare,Neuroticism,$150-250k,California
Raviv,Tobias,Male,Education,Agreeableness,$50-100k,Missouri
Evelyn,Jacques,Male,Retail,Openness,$150-250k,Indiana
Adrea,Mathelin,Non-binary,Technology,Neuroticism,$150-250k,District of Columbia
Solomon,Chiswell,Male,Retail,Openness,<$50k,Idaho
Thornie,Stockton,Male,Retail,Openness,$50-100k,Montana
Katrina,Ilymanov,Female,Marketing,Agreeableness,$100-150k,Florida
Jemmie,Grishanin,Polygender,Education,Conscientiousness,$150-250k,Michigan
Annmaria,Doull,Genderqueer,Education,Extraversion,$100-150k,New York
Vlad,Olyet,Male,Retail,Extraversion,$250-500k,District of Columbia
Jereme,Culbard,Male,Government,Openness,$150-250k,Illinois
Martha,Weatherley,Female,Finance,Neuroticism,>$500k,California
Laurie,Cavaney,Male,Education,Neuroticism,$250-500k,Texas
Evered,Stollenbecker,Male,Healthcare,Conscientiousness,>$500k,New Jersey
Nils,Philippsohn,Male,Entertainment,Extraversion,$250-500k,New York
Gustavus,Esche,Male,Education,Conscientiousness,$100-150k,Illinois
Tami,Goodbairn,Female,Marketing,Openness,$250-500k,California
Noreen,Piercey,Female,Government,Neuroticism,>$500k,District of Columbia
Hugo,Earwaker,Bigender,Finance,Conscientiousness,$250-500k,Missouri
Marylou,McKee,Female,Hospitality,Agreeableness,$150-250k,Utah
Packston,Brignall,Male,Government,Extraversion,<$50k,Tennessee
Jedd,Trustey,Male,Finance,Openness,$250-500k,North Carolina
Jacqui,Asp,Female,Retail,Extraversion,$250-500k,Mississippi
Grissel,Widdocks,Female,Healthcare,Conscientiousness,<$50k,California
Agnola,Corkell,Female,Education,Extraversion,>$500k,Washington
Antin,Cheatle,Male,Technology,Agreeableness,>$500k,Alabama
Martynne,Lidell,Female,Technology,Conscientiousness,$100-150k,Illinois
Jedd,Mitkcov,Agender,Healthcare,Agreeableness,$100-150k,Tennessee
Trudy,Tyce,Female,Marketing,Agreeableness,$250-500k,Hawaii
Lowell,Hatherall,Male,Finance,Extraversion,<$50k,Pennsylvania
Bethany,Mathiasen,Female,Education,Neuroticism,$100-150k,Arizona
Skipton,Sleeford,Male,Hospitality,Extraversion,<$50k,Idaho
Harriet,Burnup,Female,Government,Extraversion,$100-150k,Georgia
Wynn,Noone,Male,Finance,Conscientiousness,$250-500k,Massachusetts
Burton,Kovacs,Male,Hospitality,Openness,$150-250k,Washington
Breena,Sterke,Female,Government,Conscientiousness,$150-250k,Texas
Jillie,Leaton,Female,Education,Neuroticism,$100-150k,Mississippi
Jemimah,Haldenby,Female,Government,Openness,<$50k,New York
Cobby,Norewood,Male,Government,Conscientiousness,<$50k,Texas
Minnaminnie,Josefs,Female,Retail,Agreeableness,<$50k,Texas
Zollie,Leverson,Male,Entertainment,Openness,$50-100k,Oregon
Titos,Stables,Male,Marketing,Neuroticism,<$50k,Arkansas
Jen,Matuszyk,Female,Government,Openness,$150-250k,California
Sherm,Karoly,Male,Government,Conscientiousness,$100-150k,Texas
Mariann,Callicott,Female,Technology,Neuroticism,$250-500k,Virginia
Jone,Gotcher,Male,Government,Agreeableness,<$50k,Colorado
Lauri,Haldane,Female,Retail,Openness,$100-150k,Mississippi
Lucias,Jiranek,Male,Education,Agreeableness,$100-150k,California
Johnette,Iamittii,Female,Technology,Openness,$100-150k,Texas
Saleem,Francello,Male,Technology,Neuroticism,>$500k,Ohio
Aldis,Arnowitz,Male,Entertainment,Conscientiousness,$250-500k,Alabama
Berri,Stilldale,Agender,Finance,Extraversion,$100-150k,South Dakota
Legra,Jewsbury,Female,Hospitality,Neuroticism,$250-500k,Georgia
Aharon,Rubinovitsch,Male,Entertainment,Neuroticism,$250-500k,District of Columbia
Flossi,Jannaway,Female,Marketing,Conscientiousness,$50-100k,California
Christin,Dudleston,Bigender,Government,Conscientiousness,>$500k,Idaho
Tony,Alves,Female,Retail,Openness,$50-100k,Texas
Belle,Meneo,Female,Entertainment,Conscientiousness,$250-500k,Massachusetts
Haskell,Vest,Agender,Finance,Openness,$150-250k,Florida
Natty,Gillison,Female,Healthcare,Conscientiousness,>$500k,California
Rubina,Rollitt,Female,Marketing,Extraversion,<$50k,Illinois
